id,dateTime,mag,latitude,longitude,place
1,2005/02/03 07:48:31,2.4,39 N,130.4 E,경북 울릉군 울릉도 북북서쪽 175km 해역
2,2005/02/05 11:27:28,2.5,33.5 N,126.4 E,제주 제주시 서쪽 12km 해역
3,2005/02/07 20:16:04,2.8,36.59 N,130.02 E,경북 영덕군 동북동쪽 62km 해역
4,2005/02/20 22:18:39,3.4,35.4 N,126.22 E,전남 영광군 서북서쪽 약 30km 해역
5,2005/03/12 11:56:48,2.4,38.82 N,127.14 E,북한 강원 회양 서북서쪽 42km 지역
6,2005/03/17 23:39:52,3.1,32.47 N,125.85 E,제주 서귀포시 남서쪽 108km 해역
7,2005/03/31 19:32:40,2.2,36.43 N,125.57 E,충남 태안군 서격렬비열도 남쪽 19km 해역
8,2005/04/01 00:15:20,2.4,33.56 N,126.97 E,제주 서귀포시 성산 북북동쪽 21km 해역
9,2005/04/09 19:14:00,2.4,37.17 N,125.41 E,인천 옹진군 연평도 남남서쪽 61km 해역
10,2005/04/09 23:04:51,2.4,35.67 N,130.03 E,울산 동구 동북동쪽 58km 해역
11,2005/04/21 12:37:34,3.0,34.91 N,125.47 E,전남 신안군 흑산면 북쪽 29km 해역
12,2005/05/01 16:27:09,3.6,35.04 N,123 E,전남 신안군 가거도 서북서쪽 224km 해역
13,2005/05/15 07:22:32,2.6,38.13 N,125.6 E,북한 황해남도 해주 북서쪽 14km 지역
14,2005/06/08 00:07:29,2.5,37.51 N,124.76 E,인천 백령도 남쪽 50km 해역
15,2005/06/10 12:49:54,2.4,36.73 N,128.48 E,경북 예천군 북북동쪽 9km 지역
16,2005/06/10 21:14:36,2.5,36.78 N,128.48 E,경북 영주시 서쪽 13km 지역
17,2005/06/15 07:07:02,3.7,33.15 N,126.14 E,제주 제주시 고산 남쪽 16km 해역
18,2005/06/15 07:37:47,3.0,33 N,126.15 E,제주 제주시 고산 남쪽 33km 해역
19,2005/06/20 15:31:49,3.0,38.81 N,125.57 E,북한 황해북도 송림 북서쪽 10km 지역
20,2005/06/29 23:18:05,4.0,34.5 N,129.05 E,경남 통영시 매물도 동남동쪽 46km 해역
21,2005/06/30 00:25:04,3.1,36.66 N,129.63 E,경북 영덕군 북동쪽 36km 해역
22,2005/07/30 03:01:37,3.1,34.14 N,127.47 E,전남 여수시 거문도 북동쪽 19km 해역
23,2005/08/24 05:06:26,3.5,34.06 N,126.95 E,전남 완도군 남남동쪽 33km 해역
24,2005/08/25 19:33:47,2.2,36.75 N,126.3 E,충남 태안군 북쪽 1km 지역
25,2005/08/31 12:58:10,2.1,37.12 N,129.7 E,경북 울진군 동북동쪽 30km 해역
26,2005/09/07 17:11:10,2.1,37.09 N,127.86 E,충북 충주시 북북서쪽 9km 지역
27,2005/10/03 19:18:38,2.1,35.62 N,129.4 E,울산 북구 북동쪽 6km 지역
28,2005/10/10 08:51:06,3.4,37.93 N,124.9 E,북한 인천 백령도 동쪽 20km 해역
29,2005/10/13 11:22:29,2.5,36.95 N,129.43 E,경북 울진군 남남동쪽 5km 해역
30,2005/10/21 12:00:30,3.0,37.89 N,125.01 E,북한 인천 백령도 동남동쪽 30km 해역
31,2005/10/23 01:02:45,2.5,34.97 N,127.07 E,전남 화순군 남동쪽 13km 지역
32,2005/11/06 12:52:45,2.2,35.98 N,128.13 E,경북 김천시 남쪽 18km 지역
33,2005/11/15 09:10:49,3.0,37.2 N,128.79 E,강원 정선군 남남동쪽 23km 지역
34,2005/11/27 11:47:04,3.1,38.35 N,123.99 E,북한 인천 백령도 북서쪽 75km 해역
35,2005/12/07 18:02:11,2.2,36.63 N,127.77 E,충북 괴산군 남쪽 20km 지역
36,2005/12/18 00:00:03,2.2,34.64 N,127.61 E,전남 여수시 남서쪽 15km 해역
37,2005/12/25 03:58:48,2.4,34.74 N,127.22 E,전남 보성군 동남동쪽 13km 해역
38,2006/01/19 12:35:34,3.2,37.21 N,128.8 E,강원 영월군 동쪽 약 20km 지역
39,2006/01/19 22:53:30,2.0,37.19 N,128.77 E,강원 정선군 동남동쪽 약 14 km 지역
40,2006/01/21 11:29:49,2.1,36.33 N,127.26 E,대전광역시 유성구 서쪽 약 11km 지역
41,2006/02/14 03:32:02,3.0,38.67 N,126.03 E,북한 황해도 사리원 동북동쪽 약 31km 지역
42,2006/02/28 00:11:22,2.3,35.81 N,127.89 E,경남 거창군 북북서쪽 약 9km 지역
43,2006/02/28 18:52:38,2.3,36.22 N,127.66 E,충북 옥천군 동남동쪽 약 11 km 지역
44,2006/03/10 05:57:17,2.5,33.3 N,127.15 E,제주 남제주군 동쪽 약 65km해역
45,2006/03/11 04:52:22,2.1,37.13 N,126 E,충남 태안군 북서쪽 약 42km 해역
46,2006/03/15 04:36:54,2.4,38.19 N,125.94 E,북한 황해도 해주 동북동쪽 약 27km 지역
47,2006/03/19 13:59:47,2.9,36.34 N,127.36 E,대전광역시 서구 서남서쪽 약 2km 지역
48,2006/03/19 14:03:46,2.0,36.33 N,127.34 E,대전광역시 유성구 남서쪽 약 3km 지역
49,2006/03/23 07:42:55,2.5,38.32 N,127.3 E,강원도 철원군 북쪽 약 12km 지역
50,2006/03/26 07:54:50,2.4,35.66 N,126.26 E,전남 영광군 북서쪽 약 38km 해역
51,2006/04/02 00:04:37,2.0,35.38 N,127.22 E,전북 순창군 동쪽 약 9km 지역
52,2006/04/03 18:14:04,3.3,38.68 N,125.96 E,북한 황해도 사리원 동북동쪽 약 24km지역
53,2006/04/13 01:09:47,2.8,34.74 N,125.01 E,전남 신안군 흑산면 서쪽 약 52km 해역
54,2006/04/19 09:35:10,2.4,37.07 N,129.93 E,경북 울진군 동쪽 약 59km 해역
55,2006/04/19 09:49:34,3.0,37.05 N,129.96 E,경북 울진군 동쪽 약 62km 해역
56,2006/04/19 10:57:56,2.5,37.1 N,129.91 E,경북 울진군 동쪽 약 57km 해역
57,2006/04/19 16:01:32,2.4,37.1 N,129.92 E,경북 울진군 동쪽 약 58km 해역
58,2006/04/19 16:18:13,2.1,37.01 N,129.82 E,경북 울진군 동쪽 약 46km 해역
59,2006/04/28 23:47:55,3.0,37.09 N,129.92 E,경북 울진군 동쪽 약 58km 해역
60,2006/04/28 23:54:56,2.5,37.12 N,129.93 E,경북 울진군 동쪽 약 59km 해역
61,2006/04/29 01:01:00,2.5,37.07 N,129.81 E,경북 울진군 동쪽 약 46km 해역
62,2006/04/29 11:01:12,3.5,37.09 N,129.92 E,경북 울진군 동쪽 약 58km 해역
63,2006/04/30 09:50:04,2.5,37.05 N,129.84 E,경북 울진군 동쪽 약 49km 해역
64,2006/05/08 06:59:15,2.4,36.22 N,129.54 E,경북 포항시 북구 북동쪽 약 23km 해역
65,2006/06/01 11:58:01,2.4,34.6 N,128.16 E,경남 남해군 동남동쪽 약 34km 해역
66,2006/07/18 14:49:53,2.0,36.13 N,126.65 E,충남 서천군 북서쪽 약 6km 지역
67,2006/07/24 02:44:17,2.0,37.17 N,126.32 E,충남 서산시 북북서쪽 약 30km 해역
68,2006/07/25 23:29:18,2.5,35.79 N,127.89 E,경남 거창군 북북서쪽 약 8km 지역
69,2006/07/26 02:50:38,2.0,35.8 N,127.88 E,경남 거창군 북북서쪽 약 9km 지역
70,2006/08/01 12:57:36,2.0,35.74 N,127.82 E,경남 거창군 서북서쪽 약 11km 지역
71,2006/08/07 14:18:33,2.8,35.6 N,124.63 E,전남 신안군 흑산면 서북서쪽 약 111km 해역
72,2006/08/09 08:16:19,2.3,35.7 N,124.8 E,충남 태안군 서격렬비열도 남서쪽 약 100km 해역
73,2006/08/26 07:44:16,2.2,37.21 N,128.81 E,강원도 태백시 서쪽 약 20km 지역
74,2006/09/20 00:03:11,2.6,35.92 N,129.56 E,경북 포항시 남구 동남동쪽 약 23km 해역
75,2006/09/20 14:15:33,2.1,34.62 N,128.81 E,경남 거제시 남동쪽 약 27km 해역
76,2006/09/29 23:07:52,3.4,34.1 N,124.9 E,전남 신안군 흑산면 서남서쪽 약 73km 해역
77,2006/10/04 05:29:22,2.2,36.67 N,127.67 E,충북 청원군 동쪽 약 20km 지역
78,2006/10/16 14:12:58,2.4,37.35 N,124.88 E,인천 백령도 남남동쪽 약 44km 해역
79,2006/10/22 14:09:16,2.2,37.13 N,125.98 E,충남 태안군 북서쪽 약 44km 해역
80,2006/10/25 18:14:25,2.6,33.36 N,125.75 E,제주 제주시 서쪽 약 84km 해역
81,2006/11/11 01:16:01,2.4,35.97 N,127.45 E,충남 금산군 남남서쪽 약 10km 지역
82,2006/11/12 08:19:34,2.9,38.59 N,125.12 E,북한 황해도 장연 북쪽 약 22km 지역
83,2006/11/26 03:05:34,2.4,34.14 N,127.48 E,전남 고흥군 남동쪽 약 38km 해역
84,2006/12/04 00:51:41,2.7,36.46 N,127.92 E,충북 보은군 동쪽 약 21km 지역
85,2006/12/10 01:39:52,2.5,33.06 N,126.22 E,제주 서귀포시 서남서쪽 약 35km 해역
86,2006/12/20 01:18:19,2.1,37.14 N,129.9 E,경북 울진군 동쪽 약 56km 해역
87,2006/12/28 09:44:51,2.2,36.11 N,128.11 E,경북 김천시 남동쪽 약 2km 지역
88,2007/01/06 05:47:16,2.4,39.11 N,127.98 E,북한 강원 원산 동쪽 48km 해역
89,2007/01/19 09:06:23,2.0,37.69 N,128.57 E,강원 평창군 북북동쪽 39km 지역
90,2007/01/20 20:56:53,4.8,37.68 N,128.59 E,강원 평창군 북북동쪽 39km 지역
91,2007/01/24 16:31:56,2.4,38.62 N,125.59 E,북한 황해북도 송림 남남서쪽 13km 지역
92,2007/02/06 00:35:03,2.2,35.13 N,129.41 E,부산 기장군 남동쪽 21km 해역
93,2007/03/10 18:18:41,2.0,37.21 N,128.85 E,강원 정선군 남동쪽 25km 지역
94,2007/03/15 05:30:12,2.9,36.18 N,127.97 E,충북 영동군 동쪽 17km 지역
95,2007/03/28 02:47:15,2.8,38.64 N,125.6 E,북한 황해북도 송림 남남서쪽 11km 해역
96,2007/04/01 22:16:04,2.3,38.58 N,125.63 E,북한 황해북도 사리원 북서쪽 14km 지역
97,2007/04/25 08:36:40,2.0,36.94 N,126.53 E,충남 당진군 서북서쪽 11km 지역
98,2007/05/03 12:24:07,2.2,36.13 N,127.85 E,충북 영동군 남동쪽 7km 지역
99,2007/05/03 18:24:01,2.1,36.6 N,127.83 E,경북 상주시 북서쪽 36km 지역
100,2007/05/11 05:51:51,2.1,35.55 N,129.91 E,울산 동구 동쪽 45km 해역
101,2007/05/13 16:22:47,2.2,35.92 N,128.01 E,경북 김천시 남남서쪽 25km 지역
102,2007/05/16 04:56:08,2.5,35.72 N,129.22 E,경북 경주시 남쪽 13km 지역
103,2007/05/19 07:53:25,2.4,36.57 N,129 E,경북 청송군 북북서쪽 16km 지역
104,2007/05/26 19:59:26,2.5,36.1 N,125.05 E,충남 태안군 서격렬비열도 남서쪽 70km 해역
105,2007/05/28 00:51:58,2.1,35.23 N,128.57 E,경남 마산시 북쪽 4km 지역
106,2007/06/26 00:01:23,2.2,35.61 N,130.15 E,울산 동구 동쪽 67km 해역
107,2007/07/08 19:28:31,2.2,37.37 N,129.66 E,강원 삼척시 동남동쪽 약 44km 해역
108,2007/07/19 21:01:12,2.2,37.08 N,129.01 E,강원 태백시 남남동쪽 9km 지역
109,2007/07/22 13:49:27,2.6,36.88 N,126.66 E,충남 당진군 동남동쪽 약 3km 지역
110,2007/07/27 01:37:08,2.1,39.16 N,126.65 E,북한 평안남도 양덕 남남동쪽 6km 지역
111,2007/08/07 18:39:49,2.4,37.23 N,128.8 E,강원 정선군 남동쪽 20km 지역
112,2007/08/12 04:52:31,2.1,36.05 N,127.74 E,충북 영동군 남남서쪽 약 14km 지역
113,2007/08/18 15:09:35,2.5,35.99 N,125.78 E,전북 군산시 어청도 남서쪽 23km 해역
114,2007/08/30 16:12:57,2.9,38.69 N,125.64 E,북한 황해북도 송림 남쪽 약 5km 지역
115,2007/09/12 06:50:59,2.7,36.46 N,129.47 E,경북 영덕군 동북동쪽 약 11km 해역
116,2007/09/17 01:16:31,3.0,36.45 N,129.69 E,경북 영덕군 동쪽 약 29km 해역
117,2007/09/24 00:24:08,2.6,36.45 N,129.61 E,경북 영덕군 동쪽 22km 해역
118,2007/10/01 01:02:44,2.2,36.44 N,129.54 E,경북 영덕군 북동쪽 약 16km 해역
119,2007/10/04 23:56:07,2.9,36.43 N,129.55 E,경북 영덕군 동쪽 약 16km 해역
120,2007/10/06 09:08:08,2.5,35.59 N,125.96 E,전남 영광군 북서쪽 61km 해역
121,2007/10/08 22:36:54,2.2,38.9 N,125.76 E,북한 평양 남쪽 13km 지역
122,2007/10/13 04:13:35,2.1,36.44 N,129.63 E,경북 영덕군 동쪽 24km 해역
123,2007/10/16 14:59:03,2.9,37.45 N,128.97 E,강원 동해시 서남서쪽 15km 지역
124,2007/10/17 20:06:26,2.1,36.43 N,129.57 E,경북 영덕군 동쪽 18km 해역
125,2007/10/29 02:32:01,2.5,36.62 N,128.42 E,경북 예천군 남서쪽 5km 지역
126,2007/11/19 05:51:22,2.1,34.78 N,126.48 E,전남 영암군 서쪽 20km 지역
127,2007/12/16 00:04:35,2.2,35.62 N,127.8 E,경남 함양군 북북동쪽 13km 지역
128,2007/12/22 09:54:22,2.6,38.63 N,125.5 E,북한 황해남도 안악군 북쪽 14km 지역
129,2007/12/28 04:03:22,2.7,34.98 N,129.64 E,부산 해운대구 동남동쪽 48km 해역
130,2008/01/01 06:33:38,3.2,40.41 N,127.25 E,북한 함경남도 장진 북북동쪽 3km 지역
131,2008/01/10 22:51:55,2.2,35.09 N,125.06 E,전남 신안군 흑산면 북서쪽 62km 해역
132,2008/01/14 18:03:14,2.2,36.19 N,127.54 E,충남 금산군 북북동쪽 10km 지역
133,2008/01/16 19:58:00,3.9,35.65 N,125.37 E,전북 군산시 어청도 남서쪽 75km 해역
134,2008/02/05 10:06:12,2.3,38.41 N,125.9 E,북한 황해북도 사리원 남동쪽 16km 지역
135,2008/02/23 18:19:39,2.2,35.82 N,129.33 E,경북 경주시 동쪽 11km 지역
136,2008/02/26 09:10:58,2.6,37.95 N,124.85 E,인천 백령도 동쪽 15km 해역
137,2008/02/26 23:22:48,2.5,35.97 N,126.56 E,전북 군산시 서쪽 14km 해역
138,2008/02/29 05:37:52,2.4,33.57 N,126.54 E,제주 제주시 북쪽 8km 해역
139,2008/02/29 15:53:00,3.2,38.75 N,126.23 E,북한 황해북도 신계 북서쪽 38km 지역
140,2008/03/08 18:05:00,2.0,35.66 N,128.8 E,경북 청도군 동북동쪽 6km 지역
141,2008/03/09 18:07:10,2.2,38.75 N,125.84 E,북한 황해북도 송림 동쪽 18km 지역
142,2008/03/15 01:38:01,2.0,38.11 N,127.1 E,경기 연천군 북동쪽 3km 지역
143,2008/03/21 23:57:29,2.7,35.15 N,124.57 E,전남 신안군 흑산면 북서쪽 99km 해역
144,2008/03/27 16:29:21,2.8,37.78 N,126.4 E,인천 강화군 서북서쪽 9km 지역
145,2008/05/26 11:01:06,2.6,35.85 N,130.01 E,경북 포항시 남구 동남동쪽 61km 해역
146,2008/05/31 21:59:30,4.2,33.5 N,125.69 E,제주 제주시 서쪽 78km 해역
147,2008/06/21 23:30:12,2.2,35.57 N,128.6 E,경남 밀양시 북서쪽 17km 지역
148,2008/06/30 03:34:07,2.3,35.1 N,124.66 E,전남 신안군 흑산면 북서쪽 89km 해역
149,2008/07/01 16:32:50,2.3,35.54 N,128.82 E,경남 밀양시 북동쪽 8km 지역
150,2008/07/04 19:39:10,2.1,39.26 N,127.22 E,북한 함경남도 고원 남쪽 18km 지역
151,2008/07/04 20:48:45,2.5,39.3 N,127.19 E,북한 함경남도 고원 남남서쪽 15km 지역
152,2008/07/22 23:11:26,2.5,35.31 N,129.74 E,울산 동구 남동쪽 36km 해역
153,2008/07/23 19:29:57,3.2,34.49 N,128.04 E,경남 남해군 남남동쪽 41km 해역
154,2008/07/27 17:13:18,2.4,39.4 N,126.03 E,북한 평안남도 평성 북동쪽 23km 지역
155,2008/07/27 21:48:48,2.2,34.45 N,128.08 E,경남 남해군 남남동쪽 46km 해역
156,2008/08/20 14:45:26,2.2,35.72 N,125.69 E,전북 군산시 어청도 남남서쪽 52km 해역
157,2008/09/04 00:44:29,3.0,35.13 N,125.04 E,전남 신안군 흑산면 북서쪽 66km 해역
158,2008/09/08 15:35:05,2.6,34.57 N,128.25 E,경남 통영시 남남서쪽 36km 해역
159,2008/09/11 10:46:10,2.4,38.08 N,127.12 E,경기 연천군 동남동쪽 4km 지역
160,2008/09/13 12:05:08,2.5,35.6 N,126.99 E,전북 정읍시 동북동쪽 12km 지역
161,2008/09/20 11:24:01,2.8,34.11 N,125.02 E,전남 신안군 흑산면 남서쪽 73km 해역
162,2008/10/08 11:04:34,2.1,38.12 N,127.11 E,경기 연천군 북동쪽 4km 지역
163,2008/10/29 09:26:14,3.4,36.35 N,127.25 E,충남 공주시 남동쪽 15km 지역
164,2008/11/05 18:12:31,2.3,37.07 N,129.11 E,경북 봉화군 동북동쪽 38km 지역
165,2008/11/11 21:20:53,3.0,38.54 N,125.65 E,북한 황해북도 사리원 서북서쪽 10km 지역
166,2008/11/11 21:30:02,3.0,38.55 N,125.67 E,북한 황해북도 사리원 서북서쪽 9km 지역
167,2008/11/11 23:37:54,2.5,38.56 N,125.66 E,북한 황해북도 사리원 북서쪽 11km 지역
168,2008/12/07 02:28:07,2.4,36.45 N,129.56 E,경북 영덕군 동북동쪽 18km 해역
169,2008/12/07 18:02:14,2.3,37.79 N,125.02 E,북한 황해남도 옹진 서남서쪽 34km 해역
170,2008/12/08 08:49:43,2.4,35.14 N,124.62 E,전남 신안군 흑산면 북서쪽 95km 해역
171,2008/12/11 19:31:20,2.7,40.38 N,126.87 E,북한 자강도 용림 남남동쪽 14km 지역
172,2008/12/18 23:38:13,2.3,36.47 N,129.66 E,경북 영덕군 동북동쪽 27km 해역
173,2008/12/19 17:53:39,3.5,36.49 N,129.68 E,경북 영덕군 동북동쪽 29km 해역
174,2008/12/19 21:53:49,2.2,37.36 N,129.83 E,경북 울진군 북동쪽 56km 해역
175,2008/12/29 05:51:16,2.2,35.67 N,126.34 E,전북 부안군 서남서쪽 36km 해역
176,2009/01/01 06:45:35,2.1,36.31 N,128.35 E,경북 구미시 북쪽 22km 지역
177,2009/01/01 15:58:10,2.5,36.5 N,129.08 E,경북 청송군 북북동쪽 7km 지역
178,2009/01/02 08:15:53,2.2,33.94 N,127.67 E,전남 고흥군 남남동쪽 82km 해역
179,2009/01/05 02:59:59,2.1,33.47 N,127.31 E,제주 서귀포시 성산 동북동쪽 41km 해역
180,2009/01/09 20:53:22,3.2,38.73 N,125.82 E,북한 황해북도 사리원 북북동쪽 22km 지역
181,2009/01/13 19:07:01,3.0,36.47 N,129.64 E,경북 영덕군 동쪽 22km 해역
182,2009/02/12 17:46:16,3.2,35.26 N,127.44 E,전남 구례군 동쪽 7km 지역
183,2009/02/15 12:57:05,2.3,35.85 N,127.72 E,전북 무주군 남남동쪽 18km 지역
184,2009/02/15 22:41:57,3.0,35.76 N,125.71 E,전북 군산시 어청도 남남서쪽 47km 해역
185,2009/02/19 00:01:39,2.3,39.72 N,126.89 E,북한 함경남도 요덕 북북동쪽 9km 지역
186,2009/02/23 21:47:16,2.8,37.13 N,126.01 E,인천 옹진군 덕적도 남서쪽 15km 해역
187,2009/02/26 15:03:55,2.7,35.03 N,129.59 E,부산 기장군 남동쪽 41km 해역
188,2009/02/26 20:53:04,2.2,36.94 N,129.36 E,경북 울진군 남서쪽 7km 지역
189,2009/03/02 14:20:26,3.4,37.08 N,124.65 E,충남 태안군 서격렬비도 북서쪽 95km 해역
190,2009/03/26 02:32:14,2.3,33.38 N,127.14 E,제주 서귀포시 성산 동쪽 24km 해역
191,2009/03/26 22:21:25,2.9,38.11 N,127.13 E,경기 연천군 동쪽 3km 지역
192,2009/03/30 05:58:17,2.3,36.21 N,128.08 E,경북 김천시 북쪽 8km 지역
193,2009/04/02 20:28:00,3.0,37.6 N,125.95 E,인천 강화군 서남서쪽 50km 해역
194,2009/04/14 04:51:33,2.5,38.45 N,125.65 E,북한 황해북도 사리원 서남서쪽 11km 지역
195,2009/04/18 20:19:01,2.5,33.39 N,127.07 E,제주 서귀포시 성산 동쪽 18km 해역
196,2009/04/21 17:44:57,2.0,35.45 N,128.22 E,경남 의령군 북북서쪽 15km 지역
197,2009/04/29 12:15:42,2.9,33.43 N,127.36 E,제주 서귀포시 성산 동쪽 45km 해역
198,2009/05/02 07:58:28,4.0,36.56 N,128.71 E,경북 안동시 서남서쪽 2km 지역
199,2009/05/02 12:28:29,2.9,36.57 N,128.71 E,경북 안동시 서북서쪽 2km 지역
200,2009/05/14 20:50:12,2.2,36.25 N,127.13 E,충남 논산시 북쪽 11km 지역
201,2009/05/15 22:41:31,2.4,36.59 N,126.41 E,충남 태안군 남남동쪽 20km 해역
202,2009/05/25 18:12:30,2.4,36.95 N,129.33 E,경북 울진군 남서쪽 8km 지역
203,2009/05/26 18:59:02,2.2,36.57 N,129.22 E,경북 영양군 남동쪽 14km 지역
204,2009/05/31 00:10:58,2.5,33.52 N,125.85 E,제주 제주시 서쪽 63km 해역
205,2009/05/31 15:24:07,2.3,38.6 N,126.43 E,북한 황해북도 신계 북서쪽 14km 지역
206,2009/06/03 15:56:02,2.4,33.19 N,126.33 E,제주 서귀포시 서남서쪽 18km 해역
207,2009/06/03 20:09:38,2.9,38.57 N,126.5 E,북한 황해북도 신계 북북서쪽 9km 지역
208,2009/06/06 00:49:42,2.8,38.63 N,127.44 E,북한 강원 회양 서남서쪽 16km 지역
209,2009/06/06 01:56:38,2.4,35.09 N,125.06 E,전남 신안군 흑산면 북서쪽 62km 해역
210,2009/06/20 04:05:50,2.9,37.09 N,124.74 E,충남 태안군 서격렬비도 북서쪽 89km 해역
211,2009/06/20 21:14:52,2.2,38.03 N,126.62 E,북한 개성 북동쪽 8km 지역
212,2009/06/25 13:05:58,2.2,39.43 N,126.11 E,북한 평안남도 성천 서북서쪽 15km 지역
213,2009/06/28 22:07:48,3.0,35.78 N,128.29 E,경북 고령군 북북동쪽 7km 지역
214,2009/06/29 11:52:53,2.7,37.14 N,126 E,인천 옹진군 덕적도 서남서쪽 16km 해역
215,2009/07/01 08:55:04,2.6,37.84 N,124.94 E,인천 백령도 남동쪽 30km 해역
216,2009/07/15 04:04:49,3.0,35.14 N,125.1 E,전남 신안군 흑산면 북북서쪽 61km 해역
217,2009/07/17 13:14:05,2.5,38.45 N,126.15 E,북한 황해북도 평산 서북서쪽 25km 지역
218,2009/07/30 09:27:37,2.6,35.85 N,126.29 E,전북 부안군 위도 북쪽 27km 해역
219,2009/08/15 03:18:12,2.6,36.52 N,129.61 E,경북 영덕군 북동쪽 23km 해역
220,2009/08/17 15:24:22,2.4,36.54 N,129.6 E,경북 영덕군 북동쪽 24km 해역
221,2009/08/21 23:02:22,3.8,38.82 N,125.79 E,북한 황해북도 송림 북동쪽 16km 지역
222,2009/08/25 23:08:29,2.4,37.68 N,124.68 E,인천 백령도 남쪽 30km 해역
223,2009/10/01 21:30:05,2.9,38.12 N,126.02 E,북한 황해남도 해주 동북동쪽 28km 지역
224,2009/10/04 12:00:06,2.5,39.38 N,126.05 E,북한 평안남도 평성 북북동쪽 17km 지역
225,2009/10/16 13:12:24,2.3,33.4 N,127.29 E,제주 서귀포시 성산 동쪽 38km 해역
226,2009/11/05 04:31:26,2.7,38.42 N,124.87 E,북한 황해남도 장연 서북서쪽 50km 해역
227,2009/11/14 05:28:42,2.4,35.66 N,126.91 E,전북 정읍시 북동쪽 14km 지역
228,2009/11/14 21:27:57,2.5,34.81 N,127.93 E,경남 남해군 남동쪽 4km 지역
229,2009/11/17 05:38:49,2.3,36.07 N,126.95 E,전북 익산시 북쪽 14km 지역
230,2009/11/27 10:34:40,2.4,37.69 N,129.58 E,강원 동해시 동북동쪽 44km 해역
231,2009/12/04 05:14:53,2.8,36.72 N,128.55 E,경북 예천군 북동쪽 11km 지역
232,2009/12/11 13:13:31,2.8,33.69 N,125.64 E,전남 신안군 가거도 남동쪽 62km 해역
233,2009/12/15 07:19:53,2.3,38.8 N,125.94 E,북한 황해북도 송림 동북동쪽 27km 지역
234,2009/12/15 09:02:13,2.4,36.76 N,127.1 E,충남 아산시 동남동쪽 9km 지역
235,2009/12/26 10:55:50,2.2,37.87 N,124.91 E,북한 인천 백령도 동남동쪽 22km 해역
236,2010/01/05 20:12:11,2.6,36.97 N,126.52 E,충남 당진군 북서쪽 13km 지역
237,2010/01/10 11:58:08,2.1,38.8 N,126.07 E,북한 평양 남동쪽 37km 지역
238,2010/01/23 17:54:13,2.1,36.59 N,128.17 E,경북 상주시 북쪽 20km 지역
239,2010/02/01 05:00:12,2.3,33.3 N,127.14 E,제주 서귀포시 성산 동남동쪽 26km 해역
240,2010/02/01 06:42:17,2.4,33.34 N,127.18 E,제주 서귀포시 성산 동쪽 28km 해역
241,2010/02/03 20:57:07,2.6,33.33 N,127.19 E,제주 서귀포시 성산 동남동쪽 29km 해역
242,2010/02/09 18:08:14,3.0,37.45 N,126.8 E,경기 시흥시 북쪽 8km 지역
243,2010/02/16 18:53:32,3.3,35.63 N,129.95 E,울산 동구 동북동쪽 64km 해역
244,2010/02/21 21:17:01,2.3,36.75 N,127.1 E,충남 천안시 남서쪽 8km 지역
245,2010/02/22 23:29:30,3.0,33.29 N,127.17 E,제주 서귀포시 동쪽 61km 해역
246,2010/03/01 21:58:03,2.2,38.41 N,125.62 E,북한 황해남도 안악 남동쪽 15km 지역
247,2010/03/09 12:50:14,3.2,36.42 N,125.75 E,충남 태안군 서격렬비열도 남동쪽 28km 해역
248,2010/04/04 12:49:50,2.3,38.51 N,126.06 E,북한 황해북도 사리원 동쪽 26km 지역
249,2010/04/12 01:18:27,2.2,34.12 N,125.66 E,전남 신안군 흑산면 남남동쪽 61km 해역
250,2010/04/13 02:14:21,2.5,34.02 N,125.44 E,전남 신안군 흑산면 남쪽 70km 해역
251,2010/04/16 19:56:11,2.2,38.78 N,126.01 E,북한 황해북도 송림 동쪽 29km 지역
252,2010/04/27 19:29:16,2.3,36.8 N,128.75 E,경북 안동시 북쪽 26km 지역
253,2010/04/28 14:42:00,2.1,36.55 N,128.71 E,경북 안동시 남서쪽 3km 지역
254,2010/05/15 14:44:59,2.2,36 N,127.84 E,전북 무주군 동쪽 16km 지역
255,2010/05/26 15:22:16,2.4,37.6 N,129.68 E,강원 삼척시 동북동쪽 48km 해역
256,2010/06/11 13:02:08,2.1,38.78 N,126.07 E,북한 황해북도 송림 동쪽 38km 지역
257,2010/06/22 22:21:02,2.6,38.46 N,125.64 E,북한 황해북도 사리원 서남서쪽 12km 지역
258,2010/06/26 04:59:09,2.7,32.35 N,125.88 E,제주 서귀포시 이어도 동북동쪽 70km 해역
259,2010/06/28 12:19:00,2.1,38.75 N,126.03 E,북한 황해북도 송림 동쪽 34km 지역
260,2010/07/06 03:44:13,2.3,36.47 N,127.13 E,충남 공주시 북북동쪽 3km 지역
261,2010/07/27 18:32:41,2.2,36.34 N,127.26 E,충남 공주시 남동쪽 17km 지역
262,2010/08/24 03:59:44,2.5,38.71 N,125.9 E,북한 황해북도 송림 동쪽 23km 지역
263,2010/08/28 07:35:52,3.2,32.9 N,126.27 E,제주 제주시 고산 남남동쪽 45km 해역
264,2010/09/06 19:32:43,2.8,36.56 N,129.01 E,경북 청송군 북북서쪽 15km 지역
265,2010/09/30 02:07:36,2.5,33.41 N,127.34 E,제주 제주시 동남동쪽 67km 해역
266,2010/10/04 23:24:14,2.8,37.67 N,129.7 E,강원 삼척시 동북동쪽 53km 해역
267,2010/10/07 02:33:40,2.8,35.87 N,129.79 E,경북 포항시 남구 동남동쪽 41km 해역
268,2010/10/14 18:06:23,2.3,37.14 N,129.73 E,경북 울진군 동북동쪽 33km 해역
269,2010/10/22 11:59:11,2.5,35.85 N,128.18 E,경북 성주군 남서쪽 12km 지역
270,2010/10/23 23:43:44,2.4,39.77 N,126.7 E,북한 함경남도 요덕 북서쪽 19km 지역
271,2010/10/25 12:36:57,2.5,34.29 N,127.39 E,전남 여수시 거문도 북북동쪽 30km 지역
272,2010/11/07 20:11:39,2.8,40.15 N,128.28 E,북한 함경남도 북청 서북서쪽 11km 지역
273,2010/11/20 00:07:17,2.7,36.83 N,126.76 E,충남 당진시 동남동쪽 13km 지역
274,2010/11/27 07:51:36,2.8,35.95 N,129.79 E,경북 포항시 남구 동쪽 39km 해역
275,2010/11/28 10:15:27,2.3,35.18 N,127.02 E,전남 담양군 남쪽 16km 지역
276,2010/12/19 09:11:26,2.6,37.31 N,129.38 E,강원 삼척시 남동쪽 24km 해역
277,2010/12/20 06:56:06,2.2,36.93 N,125.5 E,충남 태안군 서격렬비도 북북서쪽 35km 해역
278,2011/01/04 01:22:06,2.0,36.41 N,127.15 E,충남 공주시 남동쪽 4km 지역
279,2011/01/21 10:56:45,2.2,33.7 N,127.38 E,전남 여수시 거문도 남쪽 37km 해역
280,2011/01/26 22:15:53,2.7,33.4 N,127.33 E,제주 서귀포시 성산 동쪽 42km 해역
281,2011/02/11 19:21:27,2.2,37.19 N,129.06 E,강원 삼척시 남남서쪽 30km 지역
282,2011/02/27 18:50:50,3.5,33.65 N,125.9 E,제주 제주시 고산 북북서쪽 47km 해역
283,2011/03/06 11:04:39,2.9,38.66 N,125.67 E,북한 황해북도 송림 남남동쪽 9km 지역
284,2011/03/11 09:57:56,2.5,38.51 N,127.57 E,북한 강원 회양 남쪽 22km 지역
285,2011/03/12 08:15:36,2.6,37 N,125.27 E,충남 태안군 서격렬비도 북북서쪽 50km 해역
286,2011/03/13 03:12:02,2.3,37.5 N,125.33 E,인천 옹진군 연평도 서남서쪽 약38km 해역
287,2011/03/14 14:47:11,2.9,34.62 N,126.1 E,전남 신안군 남서쪽 31km 해역
288,2011/03/24 04:35:12,2.8,36.34 N,127.83 E,충북 옥천군 동쪽 23km 지역
289,2011/03/28 13:50:29,3.2,35.97 N,129.95 E,경북 포항시 북구 동쪽 53km 해역
290,2011/04/03 01:47:39,2.7,35.77 N,128.53 E,대구 달성군 남남서쪽 7km 지역
291,2011/04/11 06:11:51,3.1,37.72 N,129.07 E,강원 강릉시 동남동쪽 16km 해역
292,2011/04/11 23:48:19,2.8,39.13 N,125.87 E,북한 평안남도 평성 남쪽 12km 지역
293,2011/04/24 16:37:30,3.1,37.85 N,125.01 E,인천 백령도 동남동쪽 31km 해역
294,2011/05/11 21:09:04,2.2,39.33 N,126.22 E,북한 평안남도 성천 북쪽 10km 지역
295,2011/05/25 18:29:47,2.3,33.61 N,127.28 E,제주 서귀포시 성산 동북동쪽 31km 해역
296,2011/05/28 15:41:50,2.5,35.93 N,129.69 E,경북 포항시 남구 동남동쪽 31km 해역
297,2011/05/29 10:22:50,3.2,35.58 N,128.75 E,경북 청도군 남쪽 8km 지역
298,2011/06/02 08:09:57,2.9,33.59 N,127.26 E,제주 서귀포시 성산 동북동쪽 42km 해역
299,2011/06/02 10:50:18,2.9,36.7 N,127.94 E,경북 문경시 서북서쪽 26km 지역
300,2011/06/05 22:53:35,2.5,36.05 N,127.53 E,충남 금산군 남남동쪽 7km 지역
301,2011/06/08 14:21:39,3.0,35.08 N,125.3 E,전남 신안군 흑산면 북북서쪽 50km 해역
302,2011/06/09 15:13:37,2.6,35.91 N,129.7 E,경북 포항시 남구 동남동쪽 32km 해역
303,2011/06/15 14:21:49,3.7,33.71 N,127.81 E,전남 여수시 거문도 남동쪽 58km 해역
304,2011/06/16 08:13:45,2.8,33.62 N,127.27 E,제주 서귀포시 성산 북동쪽 44km 해역
305,2011/06/17 16:38:33,4.0,37.89 N,124.81 E,인천 백령도 동남동쪽 13km 해역
306,2011/06/17 16:57:01,2.4,37.9 N,124.81 E,인천 백령도 동남동쪽 13km 해역
307,2011/06/27 14:11:38,2.9,35.52 N,126.14 E,전북 부안군 위도 서남서쪽 17km 해역
308,2011/07/05 02:13:28,2.3,38.58 N,126.36 E,북한 황해북도 신계 서북서쪽 18km 지역
309,2011/07/13 04:05:34,2.1,35.91 N,128.39 E,경북 성주군 동쪽 9km 지역
310,2011/07/19 14:54:50,2.4,37.89 N,124.67 E,인천 백령도 남쪽 7km 해역
311,2011/07/27 14:38:17,2.8,36.55 N,129.56 E,경북 영덕군 북동쪽 23km 해역
312,2011/07/28 11:28:43,2.2,35.9 N,129.7 E,경북 포항시 남구 동남동쪽 35km 해역
313,2011/08/09 12:11:04,2.5,35.66 N,129.76 E,울산 동구 동북동쪽 35km 해역
314,2011/08/15 06:10:40,3.2,38.47 N,125.63 E,북한 황해북도 사리원 서남서쪽 12km 지역
315,2011/08/20 06:57:48,3.0,37.5 N,124.46 E,인천 백령도 남남서쪽 54km 해역
316,2011/08/20 13:22:53,2.2,38.46 N,127.83 E,북한 강원 회양 남동쪽 34km 지역
317,2011/08/31 19:39:35,2.6,35.7 N,129.75 E,울산 동구 북동쪽 37km 해역
318,2011/09/08 01:56:40,3.2,38.82 N,126 E,북한 황해북도 사리원 북동쪽 19km 지역
319,2011/09/21 23:59:24,2.6,35.91 N,125.21 E,전북 군산시 어청도 서남서쪽 72km 해역
320,2011/09/25 12:59:31,2.6,35.58 N,125.9 E,전북 부안군 위도 서쪽 36km 해역
321,2011/09/26 22:12:19,3.3,34.58 N,128.12 E,경남 남해군 남동쪽 36km 해역
322,2011/09/28 13:20:04,2.6,38.48 N,126.26 E,북한 황해북도 평산 북서쪽 20km 지역
323,2011/10/07 19:04:30,2.7,33.34 N,127.19 E,제주 서귀포시 성산 동쪽 29km 해역
324,2011/11/02 07:20:24,3.0,35.54 N,130.65 E,울산 동구 동쪽 111km 해역
325,2011/11/26 04:03:56,2.2,34.23 N,127.67 E,전남 여수시 거문도 북동쪽 40km 해역
326,2011/11/30 00:37:34,2.5,35.98 N,126.53 E,전북 군산시 서쪽 17km 해역
327,2011/12/14 15:39:56,2.0,37.97 N,125.82 E,북한 황해남도 해주 남동쪽 12km 지역
328,2011/12/25 00:01:25,2.3,37.12 N,128.99 E,강원 태백시 남쪽 5km 지역
329,2011/12/27 21:57:17,3.3,36.86 N,129.94 E,경북 울진군 동남동쪽 50km 해역
330,2012/01/01 19:40:31,2.0,39.02 N,125.82 E,북한 평양 동쪽 6km 지역
331,2012/01/16 03:03:54,2.2,36.79 N,128.75 E,경북 안동시 북쪽 25km 지역
332,2012/01/19 15:43:00,2.7,38.51 N,126.23 E,북한 황해북도 평산 북서쪽 24km 지역
333,2012/01/24 02:41:53,2.2,37.12 N,125.96 E,인천 옹진군 덕적도 서남서쪽 20km 해역
334,2012/02/19 20:21:29,2.7,35.13 N,129.89 E,울산 동구 남동쪽 59km 해역
335,2012/02/21 22:30:56,2.5,35.13 N,129.8 E,부산 기장군 동남동쪽 54km 해역
336,2012/02/24 00:54:55,2.4,35.13 N,129.85 E,울산 동구 남동쪽 57km 해역
337,2012/02/24 09:05:32,3.2,35.2 N,129.93 E,울산 동구 남동쪽 57km 해역
338,2012/02/27 00:26:26,2.5,35.15 N,129.85 E,울산 동구 남동쪽 55km 해역
339,2012/03/18 09:21:03,2.5,36.9 N,130.24 E,경북 울진군 동쪽 75km 해역
340,2012/03/29 00:26:53,2.2,35.34 N,125.95 E,전북 부안군 위도 남서쪽 43km 해역
341,2012/03/30 14:51:51,2.3,36.49 N,127.91 E,경북 상주시 서북서쪽 24km 지역
342,2012/04/17 13:31:07,2.6,35.72 N,126.51 E,전북 부안군 서쪽 20km 해역
343,2012/04/20 21:11:02,3.1,33.43 N,127.26 E,제주 서귀포시 성산 동쪽 36km 해역
344,2012/05/02 01:33:17,3.4,33.69 N,126.04 E,제주 제주시 고산 북북서쪽 46km 해역
345,2012/05/02 05:04:58,2.1,35.77 N,126.81 E,전북 김제시 서남서쪽 7km 지역
346,2012/05/11 12:46:04,3.9,36.02 N,127.71 E,전북 무주군 동북동쪽 5km 지역
347,2012/05/15 11:05:12,2.9,35.92 N,129.62 E,경북 포항시 남구 동남동쪽 25km 해역
348,2012/05/16 17:50:15,2.7,36.23 N,128.49 E,경북 군위군 서쪽 8km 지역
349,2012/05/30 02:48:11,3.4,36.57 N,129.57 E,경북 영덕군 북동쪽 25km 해역
350,2012/06/01 08:09:37,2.3,35.92 N,127.61 E,전북 무주군 남남서쪽 10km 지역
351,2012/06/01 12:05:43,2.6,37.12 N,125.96 E,인천 옹진군 덕적도 서남서쪽 20km 해역
352,2012/06/05 08:18:41,2.1,38.43 N,126.16 E,북한 황해북도 평산 서북서쪽 23km 지역
353,2012/06/12 03:42:32,2.1,36.32 N,127.51 E,충북 옥천군 서북서쪽 6km 지역
354,2012/06/12 09:01:26,2.1,38.77 N,125.72 E,북한 황해북도 송림 동북동쪽 8km 지역
355,2012/06/12 13:34:37,2.4,37.33 N,125.27 E,인천 옹진군 연평도 남서쪽 53km 해역
356,2012/06/12 17:52:08,2.2,35.87 N,128.67 E,대구 수성구 동북동쪽 4km 지역
357,2012/06/14 06:15:19,2.1,39.72 N,126.92 E,북한 함경남도 요덕 북동쪽 10km지역
358,2012/06/19 20:55:24,3.1,33.48 N,125.93 E,제주 제주시 고산 북서쪽 30km 해역
359,2012/06/23 16:42:52,2.6,36.7 N,128.31 E,경북 문경시 북동쪽 17km 지역
360,2012/06/24 01:20:47,2.1,37.53 N,124.56 E,인천 백령도 남남서쪽 48km 해역
361,2012/07/03 09:42:07,2.2,37.19 N,129.08 E,강원 삼척시 남남서쪽 30km 지역
362,2012/07/08 09:43:29,2.5,35.72 N,129.35 E,경북 경주시 남동쪽 18km 지역
363,2012/07/09 08:59:14,2.4,35.32 N,128.71 E,경남 창원시 북북동쪽 11km지역
364,2012/07/11 19:27:30,2.5,36.9 N,125.27 E,충남 태안군 서격렬비도 북서쪽 41km 해역
365,2012/07/11 19:33:13,2.1,36.87 N,125.28 E,충남 태안군 서격렬비도 북서쪽 38km 해역
366,2012/07/14 02:38:27,2.6,33.78 N,124.97 E,전남 신안군 가거도 남남서쪽 34km 해역
367,2012/07/22 12:04:41,2.3,34.69 N,126.6 E,전남 영암군 남서쪽 15km 지역
368,2012/07/26 19:24:58,3.4,37.98 N,125.45 E,북한 황해남도 옹진 북동쪽 10km 지역
369,2012/07/29 03:22:12,2.7,32.85 N,126.02 E,제주 제주시 고산 남남서쪽 51km 해역
370,2012/08/10 21:25:13,2.6,35.82 N,128.39 E,경북 고령군 북동쪽 16km 지역
371,2012/08/13 00:54:08,2.2,36.84 N,128.68 E,경북 영주시 북동쪽 6km 지역
372,2012/08/18 18:06:41,2.2,36.2 N,125.26 E,충남 태안군 서격렬비도 남남서쪽 51km 해역
373,2012/09/07 02:34:46,3.1,36.4 N,127.25 E,충남 공주시 동남동쪽 12km 지역
374,2012/09/10 22:06:02,2.1,35.82 N,129.41 E,경북 경주시 동쪽 18km 지역
375,2012/09/18 05:39:02,2.7,33.53 N,125.81 E,제주 제주시 고산 북서쪽 42km 해역
376,2012/09/19 14:49:25,2.1,34.71 N,128.72 E,경남 통영시 매물도 동북동쪽 15km 해역
377,2012/09/19 14:52:11,2.2,34.66 N,128.75 E,경남 통영시 매물도 동쪽 16km 해역
378,2012/09/20 02:43:45,2.4,35.61 N,129.82 E,울산 동구 동북동쪽 38km 해역
379,2012/09/24 09:59:10,2.5,38.73 N,125.48 E,북한 남포 남동쪽 4km 지역
380,2012/09/27 22:24:47,2.7,35.4 N,126.08 E,전북 부안군 위도 남서쪽 30km 해역
381,2012/09/28 19:36:35,2.1,36.41 N,128.73 E,경북 의성군 북북동쪽 7km 지역
382,2012/10/01 06:51:24,2.4,36.73 N,128.4 E,경북 예천군 북북서쪽 10km 지역
383,2012/10/17 14:37:41,2.5,37.54 N,124.84 E,인천 백령도 남남동쪽 48km 해역
384,2012/11/22 03:04:54,3.0,35.22 N,127.97 E,경남 진주시 서북서쪽 11km 지역
385,2012/12/19 15:05:02,2.2,35.72 N,127.22 E,전북 완주군 남남동쪽 21km 지역
386,2013/01/02 05:53:37,2.5,33.37 N,127.27 E,제주 서귀포시 성산 동쪽 36km 해역
387,2013/01/15 13:31:34,2.8,36.59 N,129.73 E,경북 영덕군 동북동쪽 38km 해역
388,2013/01/26 08:57:56,2.4,36.11 N,127.73 E,충북 영동군 남서쪽 9km 지역
389,2013/02/04 05:39:25,3.1,36.55 N,128.9 E,경북 안동시 동쪽 15km 지역
390,2013/02/05 21:25:36,3.5,35.77 N,127.97 E,경남 거창군 북북동쪽 11km 지역
391,2013/02/07 22:07:29,2.2,35.76 N,129.13 E,경북 경주시 남서쪽 12km 지역
392,2013/04/10 13:07:16,2.2,36.5 N,127.44 E,충북 청원군 남남서쪽 16km 지역
393,2013/04/14 16:16:20,2.3,38.2 N,129.29 E,강원 양양군 동북동쪽 60km 해역
394,2013/04/17 21:33:38,2.3,36.56 N,129.61 E,경북 영덕군 북동쪽 27km 해역
395,2013/04/19 23:46:14,2.2,36.55 N,129.6 E,경북 영덕군 북동쪽 26km 해역
396,2013/04/21 08:21:27,4.9,35.16 N,124.56 E,전남 신안군 흑산면 북서쪽 101km 해역
397,2013/04/21 18:21:13,2.7,35.14 N,124.49 E,전남 신안군 흑산면 서북서쪽 105km 해역
398,2013/04/28 03:39:13,2.7,33.65 N,127.29 E,전남 여수시 거문도 남쪽 42km 해역
399,2013/04/30 05:26:51,2.5,36.47 N,129.61 E,경북 영덕군 동북동쪽 23km 해역
400,2013/04/30 10:58:26,2.0,36.46 N,129.63 E,경북 영덕군 동북동쪽 24km 해역
401,2013/05/14 20:17:54,2.8,37.7 N,124.79 E,인천 백령도 남남동쪽 30km 해역
402,2013/05/15 08:34:11,2.7,37.71 N,124.68 E,인천 백령도 남쪽 27km 해역
403,2013/05/15 08:48:10,2.8,37.69 N,124.74 E,인천 백령도 남쪽 30km 해역
404,2013/05/18 03:00:58,3.5,37.68 N,124.6 E,인천 백령도 남남동쪽 31km 해역
405,2013/05/18 07:02:24,4.9,37.68 N,124.63 E,인천 백령도 남쪽 31km 해역
406,2013/05/18 07:24:13,2.2,37.69 N,124.65 E,인천 백령도 남쪽 29km 해역
407,2013/05/18 07:26:10,3.3,37.67 N,124.66 E,인천 백령도 남쪽 31km 해역
408,2013/05/18 07:54:28,2.5,37.69 N,124.65 E,인천 백령도 남쪽 29km 해역
409,2013/05/18 09:13:10,2.4,37.67 N,124.62 E,인천 백령도 남쪽 32km 해역
410,2013/05/18 09:32:42,2.5,37.64 N,124.57 E,인천 백령도 남남서쪽 36km 해역
411,2013/05/18 11:45:15,3.9,37.67 N,124.61 E,인천 백령도 남쪽 32km 해역
412,2013/05/18 14:09:40,2.6,37.71 N,124.68 E,인천 백령도 남쪽 27km 해역
413,2013/05/18 16:18:48,2.1,37.69 N,124.61 E,인천 백령도 남남서쪽 30km해역
414,2013/05/19 05:27:13,2.3,37.73 N,124.74 E,인천 백령도 남남동쪽 25km 해역
415,2013/05/21 16:17:53,3.7,37.66 N,124.71 E,인천 백령도 남쪽 33km 해역
416,2013/05/22 23:25:53,2.1,38.75 N,128.81 E,강원 고성군 북동쪽 51km 해역
417,2013/06/05 12:34:12,2.6,36.23 N,126.18 E,충남 보령시 서남서쪽 41km 해역
418,2013/06/08 05:56:59,3.2,35.14 N,126.96 E,광주 동구 동쪽 3km 지역
419,2013/06/10 14:01:28,2.1,37.71 N,124.7 E,인천 백령도 남쪽 27km 해역
420,2013/06/16 19:47:43,2.1,36.19 N,126.15 E,충남 보령시 서남서쪽 45km 해역
421,2013/06/16 22:12:27,2.5,36.2 N,126.16 E,충남 보령시 서남서쪽 43km 해역
422,2013/06/17 20:31:04,2.4,36.2 N,126.17 E,충남 보령시 서남서쪽 43km 해역
423,2013/06/18 02:31:15,2.3,36.21 N,126.18 E,충남 보령시 서남서쪽 41km 해역
424,2013/06/19 01:52:25,2.3,36.2 N,126.16 E,충남 보령시 서남서쪽 43km 해역
425,2013/06/19 16:02:42,2.6,36.19 N,126.16 E,충남 보령시 서남서쪽 44km 해역
426,2013/06/20 12:35:57,2.4,39.23 N,125.95 E,북한 평안남도 평성 동쪽 8km 지역
427,2013/06/21 16:29:31,2.2,36.19 N,126.14 E,충남 보령시 서남서쪽 45km 해역
428,2013/06/21 21:55:06,2.4,36.2 N,126.19 E,충남 보령시 서남서쪽 41km 해역
429,2013/06/22 03:51:36,2.5,36.2 N,126.17 E,충남 보령시 서남서쪽 43km 해역
430,2013/06/22 10:37:24,2.8,36.19 N,126.16 E,충남 보령시 서남서쪽 44km 해역
431,2013/06/22 11:18:37,2.3,36.2 N,126.17 E,충남 보령시 서남서쪽 43km 해역
432,2013/06/24 05:28:38,2.3,36.2 N,126.17 E,충남 보령시 서남서쪽 43km 해역
433,2013/06/24 18:26:33,2.1,38.04 N,129.75 E,강원 동해시 북동쪽 80km 해역
434,2013/06/27 19:33:20,2.5,36.2 N,126.14 E,충남 보령시 서남서쪽 45km 해역
435,2013/06/29 13:32:48,2.3,36.2 N,126.17 E,충남 보령시 서남서쪽 43km 해역
436,2013/07/01 11:24:54,3.0,38.78 N,126.36 E,북한 황해북도 신계 북북서쪽 35km 지역
437,2013/07/13 02:02:44,3.5,36.2 N,126.18 E,충남 보령시 서남서쪽 42km 해역
438,2013/07/15 01:39:10,2.4,33.03 N,125.68 E,제주 제주시 고산 서남서쪽 68km 해역
439,2013/07/15 19:44:39,2.5,36.2 N,126.15 E,충남 보령시 서남서쪽 44km 해역
440,2013/07/23 16:03:54,2.7,36.19 N,126.16 E,충남 보령시 서남서쪽 44km 해역
441,2013/07/26 11:23:35,2.2,36.19 N,126.14 E,충남 보령시 서남서쪽 45km 해역
442,2013/07/28 09:10:24,2.8,36.2 N,126.14 E,충남 보령시 서남서쪽 45km 해역
443,2013/07/29 10:29:17,2.7,36.2 N,126.13 E,충남 보령시 서남서쪽 46km 해역
444,2013/07/30 14:57:02,2.7,36.21 N,126.14 E,충남 보령시 서남서쪽 45km 해역
445,2013/07/31 20:05:26,2.2,36.21 N,126.17 E,충남 보령시 서남서쪽 42km 해역
446,2013/07/31 20:27:00,2.2,36.2 N,126.17 E,충남 보령시 서남서쪽 43km 해역
447,2013/07/31 22:30:21,3.2,36.21 N,126.18 E,충남 보령시 서남서쪽 41km 해역
448,2013/08/01 00:57:45,2.8,36.23 N,126.22 E,충남 보령시 서남서쪽 37km 해역
449,2013/08/01 17:22:37,3.1,36.19 N,126.17 E,충남 보령시 서남서쪽 43km 해역
450,2013/08/04 19:58:28,2.3,36.2 N,126.16 E,충남 보령시 서남서쪽 43km 해역
451,2013/08/07 21:08:46,2.0,36.19 N,126.08 E,충남 보령시 서남서쪽 51km 해역
452,2013/08/10 12:43:18,2.6,35.9 N,129.75 E,경북 포항시 남구 동남동쪽 37km 해역
453,2013/08/11 04:19:36,2.3,38.48 N,126.13 E,북한 황해북도 평산 북서쪽 28km 지역
454,2013/08/12 04:33:48,3.1,35.66 N,129.75 E,울산 동구 동북동쪽 35km 해역
455,2013/08/12 04:39:34,2.3,35.66 N,129.77 E,울산 동구 동북동쪽 36km 해역
456,2013/08/13 00:01:30,2.1,36.92 N,129.44 E,경북 울진군 남남동쪽 8km 해역
457,2013/08/13 00:36:47,3.0,36.91 N,129.44 E,경북 울진군 남남동쪽 10km 해역
458,2013/08/29 08:35:23,2.5,38.19 N,129.3 E,강원 강릉시 북동쪽 60km 해역
459,2013/09/11 13:00:31,4.0,33.56 N,125.39 E,전남 신안군 가거도 남남동쪽 60km 해역
460,2013/09/14 17:33:35,2.2,36.2 N,126.16 E,충남 보령시 서남서쪽 43km 해역
461,2013/09/15 13:16:36,2.3,36.55 N,129.23 E,경북 영양군 남동쪽 16km 지역
462,2013/10/10 13:08:11,2.6,35.36 N,128.23 E,경남 의령군 북서쪽 5km 지역
463,2013/10/11 16:06:25,3.6,36.46 N,129.61 E,경북 영덕군 동북동쪽 22km 해역
464,2013/10/19 00:16:27,2.0,35.96 N,128.06 E,경북 김천시 남쪽 20km 지역
465,2013/10/26 06:47:39,2.7,37.96 N,124.61 E,인천 백령도 서쪽 6km 해역
466,2013/11/08 19:14:44,2.6,36.23 N,126.36 E,충남 보령시 서남서쪽 25km 해역
467,2013/11/08 21:02:41,3.0,36.24 N,126.36 E,충남 보령시 서남서쪽 25km 해역
468,2013/11/10 16:28:54,2.0,37.66 N,124.67 E,인천 백령도 남쪽 33km 해역
469,2013/11/16 22:32:45,2.1,38.51 N,125.66 E,북한 황해북도 사리원 서쪽 9km 지역
470,2013/11/20 21:07:11,2.1,38.47 N,126.17 E,북한 황해북도 평산 북서쪽 25km 지역
471,2013/11/22 23:29:17,2.1,36.99 N,126.4 E,충남 서산시 북북서쪽 24km 지역
472,2013/11/26 02:26:02,2.1,37.12 N,128.11 E,충북 제천시 서남서쪽 10km 지역
473,2013/12/02 20:02:58,2.8,38.56 N,126.1 E,북한 황해북도 사리원 동북동쪽 30km 지역
474,2013/12/03 21:00:39,2.5,35.64 N,128.72 E,경북 청도군 서남서쪽 2km 지역
475,2013/12/04 06:28:06,2.4,38.71 N,125.69 E,북한 황해북도 송림 동남동쪽 6km 지역
476,2013/12/08 16:38:25,2.8,33.44 N,125.09 E,제주 제주시 고산 서쪽 101km 해역
477,2013/12/13 11:40:10,2.5,36.1 N,129.04 E,경북 영천시 북북동쪽 17km 지역
478,2013/12/19 12:38:25,2.9,38.11 N,127.11 E,경기 연천군 동북동쪽 3km 지역
479,2014/01/29 06:08:44,2.2,36.23 N,128.8 E,경북 의성군 남동쪽 16km 지역
480,2014/02/05 23:06:01,2.8,38.26 N,124.4 E,북한 황해남도 용연군 장산곶 서북서쪽 29km 해역
481,2014/02/21 21:17:21,2.7,35.05 N,127.75 E,전남 광양시 북북동쪽 13km 지역
482,2014/02/22 20:44:23,2.6,38.31 N,124.27 E,북한 황해남도 용연군 장산곶 서북서쪽 42km 해역
483,2014/02/28 03:20:05,2.4,38.74 N,125.01 E,북한 남포 서쪽 22km 해역
484,2014/03/11 11:39:43,2.7,35.86 N,128.47 E,대구 달성군 서북서쪽 9km 지역
485,2014/03/14 12:59:27,2.5,39.41 N,126.09 E,북한 평안남도 성천 북북서쪽 21km 지역
486,2014/03/28 10:40:45,3.0,36.47 N,127.93 E,경북 상주시 서북서쪽 22km 지역
487,2014/04/01 04:48:35,5.1,36.95 N,124.5 E,충남 태안군 서격렬비도 서북서쪽 100km 해역
488,2014/04/01 09:25:12,2.3,36.95 N,124.5 E,충남 태안군 서격렬비도 서북서쪽 100km 해역
489,2014/04/08 06:19:14,2.7,36.96 N,124.44 E,충남 태안군 서격렬비도 서북서쪽 105km 해역
490,2014/04/12 01:44:49,2.6,33.52 N,126.9 E,제주 제주시 동쪽 34km 지역
491,2014/04/13 14:02:02,2.9,36.93 N,124.52 E,충남 태안군 서격렬비도 서북서쪽 97km 해역
492,2014/04/25 12:14:39,2.9,35.97 N,128.04 E,경북 김천시 남남서쪽 19km 지역
493,2014/04/26 14:08:10,2.7,36.46 N,127.93 E,경북 상주시 서북서쪽 21km 지역
494,2014/05/15 08:46:51,3.4,33 N,126.21 E,제주 제주시 고산 남쪽 33km 해역
495,2014/06/05 13:29:11,2.3,35.97 N,128.62 E,대구 동구 북쪽 10km 지역
496,2014/06/08 04:05:31,2.6,33.52 N,125.96 E,제주 제주시 고산 북서쪽 31km 해역
497,2014/06/18 09:59:21,2.1,35.91 N,128.66 E,대구 동구 북쪽 4km 지역
498,2014/06/21 08:29:30,2.6,38.77 N,125.89 E,북한 황해북도 송림 동쪽 22km 지역
499,2014/07/03 21:57:11,3.5,35.66 N,129.76 E,울산 동구 동북동쪽 35km 해역
500,2014/07/03 22:04:37,2.6,35.66 N,129.82 E,울산 동구 동북동쪽 40km 해역
501,2014/07/04 00:11:51,2.5,35.65 N,129.81 E,울산 동구 동북동쪽 39km 해역
502,2014/07/04 04:13:15,2.9,35.66 N,129.78 E,울산 동구 동북동쪽 37km 해역
503,2014/07/04 06:27:26,2.2,34.51 N,125.41 E,전남 신안군 흑산면 남남서쪽 17km 해역
504,2014/08/02 01:32:27,2.2,37.4 N,127.2 E,경기 광주시 서남서쪽 5km 지역
505,2014/08/05 06:16:36,2.5,40.11 N,127.2 E,북한 함경남도 신흥 서북서쪽 20km 지역
506,2014/08/10 18:07:05,2.4,38.15 N,126.63 E,북한 개성 북북동쪽 21km 지역
507,2014/08/16 00:51:42,2.1,33.59 N,126.58 E,제주 제주시 북북동쪽 11km 해역
508,2014/08/18 05:13:55,2.1,36.57 N,125.64 E,충남 태안군서격렬비도 동남동쪽 10km 해역
509,2014/08/21 22:30:43,2.7,33.87 N,127.83 E,전남 여수시 거문도 동남동쪽 51km 해역
510,2014/09/09 00:24:00,2.2,35.68 N,129.38 E,경북 경주시 남동쪽 23km 지역
511,2014/09/23 15:27:58,3.5,35.8 N,129.41 E,경북 경주시 동남동쪽 18km 지역
512,2014/09/25 02:26:42,3.8,35.07 N,129.94 E,울산 동구 남동쪽 67km 해역
513,2014/09/28 21:32:44,3.2,37.24 N,126.44 E,인천 옹진군 남서쪽 30km 지역
514,2014/10/01 16:34:10,2.2,36.67 N,125.45 E,충남 태안군 서격렬비도 북서쪽 11km 해역
515,2014/10/07 01:57:17,2.9,33.3 N,125.96 E,제주 제주시 고산 서쪽 19km 해역
516,2014/10/11 22:11:30,2.3,37.73 N,129.43 E,강원 동해시 북동쪽 36km 해역
517,2014/10/19 19:57:17,2.6,36.44 N,128.19 E,경북 상주시 북동쪽 4km 지역
518,2014/10/20 21:15:29,2.2,33.68 N,125.88 E,제주 제주시 고산 북북서쪽 50km 해역
519,2014/10/21 06:33:22,2.3,35.21 N,129.49 E,부산 기장군 동쪽 24km 해역
520,2014/10/28 19:07:07,2.2,38 N,125.34 E,북한 황해남도 옹진 북북동쪽 8km 지역
521,2014/11/06 04:25:16,2.5,37.23 N,126.44 E,인천 옹진군 남남서쪽 30km 해역
522,2014/11/06 14:48:49,2.3,33.34 N,125.89 E,제주 제주시 고산 서북서쪽 26km 해역
523,2014/11/15 03:31:39,2.5,38.77 N,126.36 E,북한 황해북도 신계 북북서쪽 34km 지역
524,2014/12/08 05:28:57,3.3,34.75 N,127.17 E,전남 보성군 동남동쪽 8km 지역
525,2014/12/15 09:08:00,2.1,39.09 N,126.52 E,북한 평안남도 양덕 남서쪽 16km 지역
526,2014/12/24 20:33:19,2.1,35.89 N,127.33 E,전북 완주군 동쪽 15km 지역
527,2014/12/30 15:36:36,2.6,35.21 N,124.79 E,전남 신안군 흑산면 북서쪽 88km 해역
528,2015/01/06 13:06:40,2.8,38.43 N,126.28 E,북한 황해북도 평산 북서쪽 17km 지역
529,2015/01/08 20:15:18,3.5,37.51 N,125.63 E,인천 옹진군 연평도 남남서쪽 18km 해역
530,2015/01/31 05:10:04,2.2,36.6 N,129.45 E,경북 영덕군 북북동쪽 22km 해역
531,2015/02/03 19:54:53,2.1,33.61 N,127.57 E,전남 여수시 거문도 남남동쪽 52km 해역
532,2015/02/19 14:25:28,2.1,36.09 N,125.05 E,충남 태안군 서격렬비도 남서쪽 71km 해역
533,2015/02/23 04:54:14,2.7,32.96 N,126.25 E,제주 제주시 고산 남남동쪽 38km 해역
534,2015/03/10 13:10:34,2.7,37.36 N,125.15 E,인천 옹진군 연평도 남서쪽 59km 해역
535,2015/03/19 12:54:18,2.2,34.16 N,128.37 E,경남 통영시 욕지도 남남동쪽 54km 해역
536,2015/03/19 16:20:18,2.7,36.43 N,127.65 E,충북 옥천군 북북동쪽 16km 지역
537,2015/04/13 18:02:02,3.3,37.18 N,125.47 E,인천 옹진군 연평도 남남서쪽 58km 해역
538,2015/04/15 04:10:00,2.9,35.14 N,129.93 E,울산 동구 남동쪽 61km 해역
539,2015/04/21 02:05:40,2.1,35.88 N,129.75 E,경북 포항시 남구 동남동쪽 38km 해역
540,2015/04/24 10:14:42,2.3,35.88 N,129.69 E,경북 포항시 남구 동남동쪽 33km 해역
541,2015/06/02 01:01:28,2.0,36.76 N,129.98 E,경북 울진군 동남동쪽 57km 해역
542,2015/06/07 20:54:01,2.1,33.79 N,126.16 E,제주 제주시 북서쪽 48km 해역
543,2015/06/17 00:55:05,2.3,38.41 N,125.57 E,북한 황해남도 안악 남남동쪽 13km 지역
544,2015/06/22 12:02:28,2.6,35.85 N,125 E,충남 태안군 서격렬비도 남남서쪽 96km 해역
545,2015/06/22 12:44:46,2.4,36.35 N,127.24 E,충남 공주시 남동쪽 15km 지역
546,2015/07/04 08:49:09,2.1,36.32 N,128.18 E,경북 상주시 남쪽 10km 지역
547,2015/07/08 11:01:46,2.0,37.63 N,125.86 E,인천 옹진군 연평도 동남동쪽 14km 해역
548,2015/07/14 14:34:35,2.8,33.24 N,127.01 E,제주 서귀포시 성산 남동쪽 20km 해역
549,2015/07/18 21:15:56,2.3,36.07 N,128.08 E,경북 김천시 남남서쪽 7km 지역
550,2015/07/20 01:33:01,2.2,33.26 N,127.21 E,제주 서귀포시 성산 동남동쪽 34km 해역
551,2015/07/23 04:02:14,2.6,33.22 N,127.05 E,제주 서귀포시 성산 남동쪽 24km 해역
552,2015/07/30 09:39:55,2.2,35.15 N,127.98 E,경남 사천시 북서쪽 12km 지역
553,2015/08/01 23:58:50,2.2,35.32 N,127.45 E,전남 구례군 북쪽 13km 지역
554,2015/08/02 03:22:34,2.1,37.19 N,128.44 E,강원 영월군 서북서쪽 2km 지역
555,2015/08/03 10:11:24,3.7,33.26 N,127.06 E,제주 서귀포시 성산 남동쪽 22km 해역
556,2015/08/12 17:09:51,2.2,37.17 N,127.5 E,경기 이천시 남남동쪽 13km 지역
557,2015/08/17 16:56:23,2.5,37.2 N,125.38 E,인천 옹진군 연평도 남남서쪽 59km 해역
558,2015/08/23 09:19:49,2.5,36.38 N,129.77 E,경북 영덕군 동쪽 36km 해역
559,2015/09/01 13:47:41,2.5,39.09 N,126.53 E,북한 평안남도 양덕 남서쪽 16km 지역
560,2015/09/03 04:53:40,2.7,33.27 N,127.04 E,제주 서귀포시 성산 남동쪽 20km 해역
561,2015/09/18 10:12:54,2.1,34.7 N,128.75 E,경남 통영시 매물도 동북동쪽 17km 해역
562,2015/10/01 09:21:25,2.5,35.78 N,129.14 E,경북 경주시 남서쪽 9km 지역
563,2015/10/01 14:06:06,2.1,35.78 N,129.14 E,경북 경주시 남서쪽 9km 지역
564,2015/10/11 00:55:07,2.1,33.3 N,127.02 E,제주 서귀포시 성산 남동쪽 16km 해역
565,2015/10/26 23:29:05,2.1,34.09 N,126.85 E,전남 완도군 남남동쪽 26km 해역
566,2015/10/30 15:17:29,2.9,35.74 N,129.37 E,경북 경주시 남동쪽 18km 지역
567,2015/11/13 20:04:33,2.6,35.8 N,129.42 E,경북 경주시 동남동쪽 19km 지역
568,2015/11/24 11:27:52,3.2,35.67 N,129.82 E,울산 동구 동북동쪽 41km 해역
569,2015/11/24 14:10:02,2.4,35.69 N,129.75 E,울산 동구 북동쪽 36km 해역
570,2015/12/11 01:25:17,2.1,36.9 N,126.58 E,충남 당진시 서북서쪽 5km 지역
571,2015/12/22 04:31:24,3.9,36.02 N,126.95 E,전북 익산시 북쪽 8km 지역
572,2016/01/06 20:39:04,3.0,36.01 N,128.07 E,경북 김천시 남쪽 14km 지역
573,2016/01/23 07:14:01,2.4,38.42 N,126.25 E,북한 황해북도 평산 북서쪽 16km 지역
574,2016/01/25 18:40:20,2.3,36.22 N,128.69 E,경북 의성군 남쪽 14km 지역
575,2016/01/31 03:03:02,2.0,36.95 N,129.92 E,경북 울진군 동쪽 46km 해역
576,2016/02/11 05:57:44,3.1,36.21 N,127.48 E,충남 금산군 북쪽 12km 지역
577,2016/02/24 23:22:12,2.9,33.52 N,125.92 E,제주 제주시 고산 북서쪽 34km 해역
578,2016/02/26 18:46:12,2.2,33.23 N,127.19 E,제주 서귀포시 성산 동남동쪽 34km 해역
579,2016/02/28 16:52:38,2.5,38.73 N,125.85 E,북한 황해북도 송림 동쪽 19km 지역
580,2016/03/02 14:04:43,2.4,36.36 N,127.2 E,충남 공주시 남동쪽 12km 지역
581,2016/03/05 11:11:53,3.3,35.61 N,129.82 E,울산 동구 동북동쪽 38km 해역
582,2016/03/14 05:17:05,3.1,38.71 N,125.87 E,북한 황해북도 송림 동쪽 21km 지역
583,2016/03/15 03:00:19,2.7,36.31 N,128.21 E,경북 상주시 남남동쪽 12km 지역
584,2016/03/15 03:38:33,2.4,37.59 N,129.95 E,강원 삼척시 동북동쪽 71km 해역
585,2016/03/27 14:52:53,2.3,35.33 N,130.04 E,울산 동구 동남동쪽 59km 해역
586,2016/03/27 18:28:38,3.0,39.17 N,125.97 E,북한 평안남도 평성 남동쪽 12km 지역
587,2016/03/28 14:34:21,2.9,35.22 N,127.96 E,경남 진주시 서북서쪽 12km 지역
588,2016/04/13 05:28:39,2.1,35.92 N,127.93 E,경북 김천시 남남서쪽 28km 지역
589,2016/04/21 15:53:45,2.7,33.52 N,125.92 E,제주 제주시 고산 북서쪽 34km 해역
590,2016/04/21 15:55:04,2.7,33.53 N,125.89 E,제주 제주시 고산 북서쪽 36km 해역
591,2016/04/25 11:42:52,2.3,33.51 N,125.91 E,제주 제주시 고산 북서쪽 34km 해역
592,2016/04/27 19:27:00,2.3,35.57 N,128.34 E,경남 합천군 동쪽 16km 지역
593,2016/04/28 10:16:43,2.6,35.42 N,128.56 E,경남 창녕군 남남동쪽 15km 지역
594,2016/04/30 22:46:41,2.6,37.75 N,125.4 E,북한 황해남도 옹진 남쪽 20km 지역
595,2016/05/03 03:29:10,2.1,37.12 N,129.02 E,강원 태백시 남남동쪽 5km 지역
596,2016/05/12 13:37:06,2.5,34.69 N,126.8 E,전남 강진군 북북동쪽 6km 지역
597,2016/05/22 01:22:47,3.5,40.68 N,127.15 E,북한 함경남도 장진 북북서쪽 34km 지역
598,2016/05/24 04:52:21,2.3,33.61 N,125.56 E,제주 제주시 고산 서북서쪽 66km 해역
599,2016/06/03 04:53:38,3.0,36.39 N,127.92 E,경북 상주시 서쪽 22km 지역
600,2016/06/05 10:11:39,2.2,36 N,129.58 E,경북 포항시 남구 동쪽 20km 해역
601,2016/06/07 16:06:42,2.3,33.05 N,126.17 E,제주 제주시 고산 남쪽 27km 해역
602,2016/06/13 12:33:06,2.7,34.3 N,124.68 E,전남 신안군 흑산면 서남서쪽 82km 해역
603,2016/06/15 02:07:18,2.6,35.87 N,129.69 E,경북 포항시 남구 동남동쪽 33km 해역
604,2016/06/21 03:23:46,3.1,39.49 N,126.19 E,북한 평안남도 성천 북쪽 28km 지역
605,2016/06/25 03:24:52,2.6,38.74 N,125.86 E,북한 황해북도 송림 동쪽 20km 지역
606,2016/07/05 20:33:03,5.0,35.51 N,129.99 E,울산 동구 동쪽 52km 해역
607,2016/07/05 21:24:35,2.6,35.51 N,129.87 E,울산 동구 동쪽 41km 해역
608,2016/07/09 04:47:52,2.3,35.48 N,129.97 E,울산 동구 동쪽 50km 해역
609,2016/07/09 13:16:48,2.6,38.69 N,125.83 E,북한 황해북도 송림 동남동쪽 18km 지역
610,2016/07/13 14:13:02,2.0,36.8 N,128.53 E,경북 영주시 서쪽 9km 지역
611,2016/07/14 22:31:13,2.8,35.12 N,130.24 E,울산 동구 동남동쪽 86km 해역
612,2016/07/30 01:51:57,2.3,33.06 N,126.33 E,제주 서귀포시 남서쪽 27km 해역
613,2016/08/16 11:57:40,2.0,36.76 N,128.84 E,경북 안동시 북북동쪽 24km 지역
614,2016/08/17 11:17:38,2.7,38.38 N,128.08 E,강원 양구군 북북동쪽 31km 지역(북한지역)
615,2016/08/18 17:08:46,2.1,38.18 N,125.46 E,인천 옹진군 연평도 남남서쪽 58km 해역
616,2016/08/18 22:21:10,2.6,38.84 N,125.7 E,북한 황해북도 송림 북북동쪽 13km 지역
617,2016/08/20 12:18:21,3.0,38.38 N,128.09 E,강원 양구군 북북동쪽 32km 지역(북한지역)
618,2016/08/20 18:54:44,2.6,33.49 N,127.3 E,제주 서귀포시 성산 동북동쪽 41km 해역
619,2016/08/28 21:27:55,2.4,38.65 N,127.16 E,북한 강원 평강 북북서쪽 29km 지역
620,2016/08/28 23:27:19,2.3,35.64 N,127.47 E,전북 장수군 서쪽 5km 지역
621,2016/08/30 00:39:46,2.6,35.55 N,128.03 E,경남 합천군 서쪽 13km 지역
622,2016/09/12 19:44:32,5.1,35.77 N,129.19 E,경북 경주시 남남서쪽 8km 지역
623,2016/09/12 19:48:03,3.1,35.77 N,129.19 E,경북 경주시 남남서쪽 8km 지역
624,2016/09/12 19:50:50,2.2,35.77 N,129.18 E,경북 경주시 남남서쪽 8km 지역
625,2016/09/12 19:51:30,2.1,35.77 N,129.2 E,경북 경주시 남쪽 8km 지역
626,2016/09/12 19:52:22,2.0,35.75 N,129.19 E,경북 경주시 남남서쪽 10km 지역
627,2016/09/12 19:53:01,2.1,35.77 N,129.19 E,경북 경주시 남남서쪽 8km 지역
628,2016/09/12 19:54:33,2.0,35.77 N,129.19 E,경북 경주시 남남서쪽 8km 지역
629,2016/09/12 19:55:36,2.4,35.76 N,129.18 E,경북 경주시 남남서쪽 9km 지역
630,2016/09/12 20:00:07,2.4,35.78 N,129.16 E,경북 경주시 남서쪽 8km 지역
631,2016/09/12 20:04:19,2.5,35.77 N,129.18 E,경북 경주시 남남서쪽 8km 지역
632,2016/09/12 20:07:05,2.6,35.76 N,129.19 E,경북 경주시 남남서쪽 9km 지역
633,2016/09/12 20:08:50,2.7,35.76 N,129.18 E,경북 경주시 남남서쪽 9km 지역
634,2016/09/12 20:10:50,3.1,35.77 N,129.18 E,경북 경주시 남남서쪽 8km 지역
635,2016/09/12 20:17:44,2.3,35.76 N,129.19 E,경북 경주시 남남서쪽 9km 지역
636,2016/09/12 20:26:22,2.5,35.77 N,129.2 E,경북 경주시 남쪽 8km 지역
637,2016/09/12 20:32:54,5.8,35.76 N,129.19 E,경북 경주시 남남서쪽 9km 지역
638,2016/09/12 20:34:22,4.3,35.75 N,129.19 E,경북 경주시 남남서쪽 10km 지역
639,2016/09/12 20:36:00,3.4,35.75 N,129.18 E,경북 경주시 남남서쪽 10km 지역
640,2016/09/12 20:36:30,3.2,35.77 N,129.19 E,경북 경주시 남남서쪽 8km 지역
641,2016/09/12 20:37:29,2.6,35.61 N,129.11 E,울산 울주군 서북서쪽 19km 지역
642,2016/09/12 20:38:07,2.7,35.76 N,129.19 E,경북 경주시 남남서쪽 9km 지역
643,2016/09/12 20:38:18,2.8,35.74 N,129.18 E,경북 경주시 남남서쪽 11km 지역
644,2016/09/12 20:38:32,3.0,35.78 N,129.2 E,경북 경주시 남남서쪽 7km 지역
645,2016/09/12 20:39:35,3.0,35.77 N,129.19 E,경북 경주시 남남서쪽 8km 지역
646,2016/09/12 20:39:55,2.6,35.79 N,129.2 E,경북 경주시 남남서쪽 5km 지역
647,2016/09/12 20:40:40,3.0,35.76 N,129.18 E,경북 경주시 남남서쪽 9km 지역
648,2016/09/12 20:41:33,2.9,35.58 N,129.09 E,울산 울주군 서북서쪽 20km 지역
649,2016/09/12 20:41:55,2.1,35.62 N,129.12 E,울산 울주군 서북서쪽 19km 지역
650,2016/09/12 20:42:27,2.5,35.79 N,129.2 E,경북 경주시 남남서쪽 5km 지역
651,2016/09/12 20:43:31,2.4,35.76 N,129.19 E,경북 경주시 남남서쪽 9km 지역
652,2016/09/12 20:44:02,2.5,35.76 N,129.18 E,경북 경주시 남남서쪽 9km 지역
653,2016/09/12 20:45:06,2.3,35.76 N,129.17 E,경북 경주시 남남서쪽 10km 지역
654,2016/09/12 20:45:36,2.7,35.78 N,129.2 E,경북 경주시 남남서쪽 7km 지역
655,2016/09/12 20:46:28,2.4,35.76 N,129.17 E,경북 경주시 남남서쪽 10km 지역
656,2016/09/12 20:47:41,2.2,35.81 N,129.23 E,경북 경주시 남남동쪽 3km 지역
657,2016/09/12 20:47:55,2.9,35.76 N,129.19 E,경북 경주시 남남서쪽 9km 지역
658,2016/09/12 20:51:13,2.6,35.75 N,129.16 E,경북 경주시 남남서쪽 11km 지역
659,2016/09/12 20:55:00,2.0,35.76 N,129.18 E,경북 경주시 남남서쪽 9km 지역
660,2016/09/12 20:58:45,2.1,35.77 N,129.17 E,경북 경주시 남남서쪽 9km 지역
661,2016/09/12 21:00:35,2.5,35.77 N,129.18 E,경북 경주시 남남서쪽 8km 지역
662,2016/09/12 21:07:59,2.0,35.77 N,129.19 E,경북 경주시 남남서쪽 8km 지역
663,2016/09/12 21:09:19,2.2,35.77 N,129.19 E,경북 경주시 남남서쪽 8km 지역
664,2016/09/12 21:16:38,2.1,35.76 N,129.18 E,경북 경주시 남남서쪽 9km 지역
665,2016/09/12 21:20:48,2.8,35.78 N,129.18 E,경북 경주시 남남서쪽 7km 지역
666,2016/09/12 21:33:57,2.3,35.76 N,129.02 E,경북 경주시 서남서쪽 20km 지역
667,2016/09/12 21:38:35,2.6,35.76 N,129.19 E,경북 경주시 남남서쪽 9km 지역
668,2016/09/12 21:54:34,2.2,35.76 N,129.16 E,경북 경주시 남남서쪽 10km 지역
669,2016/09/12 22:06:22,2.1,35.77 N,129.19 E,경북 경주시 남남서쪽 8km 지역
670,2016/09/12 22:08:25,2.0,35.76 N,129.18 E,경북 경주시 남남서쪽 9km 지역
671,2016/09/12 22:13:14,2.4,35.76 N,129.19 E,경북 경주시 남남서쪽 9km 지역
672,2016/09/12 22:17:35,2.5,35.76 N,129.18 E,경북 경주시 남남서쪽 9km 지역
673,2016/09/12 22:18:36,2.0,35.77 N,129.18 E,경북 경주시 남남서쪽 8km 지역
674,2016/09/12 22:22:50,2.2,35.76 N,129.18 E,경북 경주시 남남서쪽 9km 지역
675,2016/09/12 22:23:27,2.4,35.77 N,129.18 E,경북 경주시 남남서쪽 8km 지역
676,2016/09/12 22:47:16,2.1,35.77 N,129.19 E,경북 경주시 남남서쪽 8km 지역
677,2016/09/12 23:18:27,3.0,35.76 N,129.17 E,경북 경주시 남남서쪽 8km 지역
678,2016/09/12 23:52:30,3.1,35.75 N,129.18 E,경북 경주시 남남서쪽 10km 지역
679,2016/09/12 23:53:42,2.2,35.77 N,129.19 E,경북 경주시 남남서쪽 8km 지역
680,2016/09/13 00:07:43,2.2,35.76 N,129.19 E,경북 경주시 남남서쪽 9km 지역
681,2016/09/13 00:10:05,2.0,35.76 N,129.18 E,경북 경주시 남남서쪽 9km 지역
682,2016/09/13 00:15:02,2.0,35.76 N,129.18 E,경북 경주시 남남서쪽 9km 지역
683,2016/09/13 00:21:37,2.5,35.76 N,129.19 E,경북 경주시 남남서쪽 9km 지역
684,2016/09/13 00:32:18,2.1,35.76 N,129.19 E,경북 경주시 남남서쪽 9km 지역
685,2016/09/13 00:37:10,3.3,35.78 N,129.2 E,경북 경주시 남남서쪽 7km 지역
686,2016/09/13 00:45:50,2.2,35.76 N,129.18 E,경북 경주시 남남서쪽 9km 지역
687,2016/09/13 01:03:39,2.0,35.77 N,129.17 E,경북 경주시 남남서쪽 9km 지역
688,2016/09/13 01:23:56,2.2,35.75 N,129.19 E,경북 경주시 남남서쪽 10km 지역
689,2016/09/13 01:31:00,2.0,35.77 N,129.18 E,경북 경주시 남남서쪽 8km 지역
690,2016/09/13 01:35:51,2.3,35.75 N,129.17 E,경북 경주시 남남서쪽 11km 지역
691,2016/09/13 01:37:33,2.2,35.77 N,129.18 E,경북 경주시 남남서쪽 8km 지역
692,2016/09/13 01:58:39,2.5,35.77 N,129.18 E,경북 경주시 남남서쪽 8km 지역
693,2016/09/13 02:03:36,2.1,35.76 N,129.17 E,경북 경주시 남남서쪽 10km 지역
694,2016/09/13 02:03:49,2.2,35.78 N,129.19 E,경북 경주시 남남서쪽 7km 지역
695,2016/09/13 02:09:35,2.0,35.75 N,129.18 E,경북 경주시 남남서쪽 10km 지역
696,2016/09/13 03:11:21,2.1,35.75 N,129.17 E,경북 경주시 남남서쪽 11km 지역
697,2016/09/13 04:13:31,2.1,35.78 N,129.19 E,경북 경주시 남남서쪽 7km 지역
698,2016/09/13 04:41:59,2.1,35.76 N,129.17 E,경북 경주시 남남서쪽 10km 지역
699,2016/09/13 04:56:59,2.0,35.77 N,129.19 E,경북 경주시 남남서쪽 8km 지역
700,2016/09/13 05:15:54,2.0,35.77 N,129.18 E,경북 경주시 남남서쪽 9km 지역
701,2016/09/13 06:15:29,2.3,35.77 N,129.18 E,경북 경주시 남남서쪽 8km 지역
702,2016/09/13 06:48:03,2.0,35.78 N,129.18 E,경북 경주시 남남서쪽 7km 지역
703,2016/09/13 07:03:27,2.1,35.77 N,129.19 E,경북 경주시 남남서쪽 8km 지역
704,2016/09/13 07:47:42,2.4,35.77 N,129.18 E,경북 경주시 남남서쪽 8km 지역
705,2016/09/13 08:24:47,3.3,35.76 N,129.17 E,경북 경주시 남남서쪽 10km 지역
706,2016/09/13 08:47:57,2.3,35.76 N,129.17 E,경북 경주시 남남서쪽 10km 지역
707,2016/09/13 09:23:27,2.3,35.76 N,129.18 E,경북 경주시 남남서쪽 9km 지역
708,2016/09/13 10:01:27,2.3,35.78 N,129.19 E,경북 경주시 남남서쪽 7km 지역
709,2016/09/13 10:05:38,2.0,35.76 N,129.18 E,경북 경주시 남남서쪽 9km 지역
710,2016/09/13 10:25:46,2.0,35.76 N,129.19 E,경북 경주시 남남서쪽 8km 지역
711,2016/09/13 10:44:13,2.2,35.76 N,129.18 E,경북 경주시 남남서쪽 9km 지역
712,2016/09/13 10:58:45,2.0,35.76 N,129.18 E,경북 경주시 남남서쪽 9km 지역
713,2016/09/13 12:27:05,2.2,35.78 N,129.19 E,경북 경주시 남남서쪽 7km 지역
714,2016/09/13 12:33:58,2.0,35.76 N,129.16 E,경북 경주시 남남서쪽 10km 지역
715,2016/09/13 13:09:09,2.3,35.77 N,129.17 E,경북 경주시 남남서쪽 9km 지역
716,2016/09/13 13:16:04,2.4,35.77 N,129.17 E,경북 경주시 남남서쪽 9km 지역
717,2016/09/13 13:18:08,2.1,35.77 N,129.17 E,경북 경주시 남남서쪽 9km 지역
718,2016/09/13 13:40:23,2.0,35.76 N,129.18 E,경북 경주시 남남서쪽 9km 지역
719,2016/09/13 14:31:42,3.0,35.76 N,129.18 E,경북 경주시 남남서쪽 9km 지역
720,2016/09/13 14:41:41,2.1,35.76 N,129.17 E,경북 경주시 남남서쪽 10km 지역
721,2016/09/13 16:02:48,2.5,35.76 N,129.2 E,경북 경주시 남쪽 9km 지역
722,2016/09/13 16:21:33,2.0,35.75 N,129.17 E,경북 경주시 남남서쪽 10km 지역
723,2016/09/13 16:52:11,2.5,35.75 N,129.18 E,경북 경주시 남남서쪽 10km 지역
724,2016/09/13 17:15:37,2.0,35.77 N,129.18 E,경북 경주시 남남서쪽 9km 지역
725,2016/09/13 18:54:03,2.1,35.76 N,129.18 E,경북 경주시 남남서쪽 9km 지역
726,2016/09/13 21:49:09,2.1,35.76 N,129.17 E,경북 경주시 남남서쪽 10km 지역
727,2016/09/13 23:08:28,2.3,35.73 N,129.36 E,경북 경주시 남동쪽 18km 지역
728,2016/09/14 00:48:41,3.0,35.75 N,129.18 E,경북 경주시 남남서쪽 11km 지역
729,2016/09/14 01:37:02,2.1,35.77 N,129.18 E,경북 경주시 남남서쪽 8km 지역
730,2016/09/14 03:55:17,2.4,35.76 N,129.18 E,경북 경주시 남남서쪽 9km 지역
731,2016/09/14 04:43:47,2.1,35.77 N,129.17 E,경북 경주시 남남서쪽 9km 지역
732,2016/09/14 11:57:32,2.4,33.93 N,126.62 E,전남 완도군 남남서쪽 44km 해역
733,2016/09/14 12:38:10,2.2,35.78 N,129.19 E,경북 경주시 남남서쪽 7km 지역
734,2016/09/14 16:47:16,2.1,35.77 N,129.18 E,경북 경주시 남남서쪽 8km 지역
735,2016/09/14 17:27:14,2.3,35.77 N,129.17 E,경북 경주시 남남서쪽 9km 지역
736,2016/09/14 22:31:31,2.4,35.76 N,129.17 E,경북 경주시 남남서쪽 10km 지역
737,2016/09/15 02:01:55,2.1,35.78 N,129.21 E,경북 경주시 남쪽 6km 지역
738,2016/09/15 03:22:28,2.8,35.76 N,129.18 E,경북 경주시 남남서쪽 9km 지역
739,2016/09/15 19:47:25,2.2,35.77 N,129.19 E,경북 경주시 남남서쪽 8km 지역
740,2016/09/15 20:48:25,2.6,35.76 N,129.19 E,경북 경주시 남남서쪽 9km 지역
741,2016/09/16 05:31:09,2.2,35.78 N,129.19 E,경북 경주시 남남서쪽 7km 지역
742,2016/09/16 15:13:18,2.3,35.76 N,129.17 E,경북 경주시 남남서쪽 10km 지역
743,2016/09/16 18:58:31,2.0,35.75 N,129.18 E,경북 경주시 남남서쪽 10km 지역
744,2016/09/16 19:15:46,2.0,35.76 N,129.18 E,경북 경주시 남남서쪽 10km 지역
745,2016/09/16 19:54:46,2.1,35.74 N,129.17 E,경북 경주시 남남서쪽 12km 지역
746,2016/09/16 21:14:24,2.2,35.76 N,129.18 E,경북 경주시 남남서쪽 9km 지역
747,2016/09/17 07:12:56,2.1,35.76 N,129.18 E,경북 경주시 남남서쪽 9km 지역
748,2016/09/17 16:21:58,2.1,35.76 N,129.18 E,경북 경주시 남남서쪽 9km 지역
749,2016/09/18 16:27:54,2.4,35.76 N,129.17 E,경북 경주시 남남서쪽 10km 지역
750,2016/09/18 22:38:07,2.0,35.75 N,129.18 E,경북 경주시 남남서쪽 10km 지역
751,2016/09/19 09:17:59,2.1,35.76 N,129.17 E,경북 경주시 남남서쪽 10km 지역
752,2016/09/19 20:33:58,4.5,35.74 N,129.18 E,경북 경주시 남남서쪽 11km 지역
753,2016/09/19 21:00:51,2.1,35.75 N,129.17 E,경북 경주시 남남서쪽 11km 지역
754,2016/09/20 09:58:17,2.4,35.76 N,129.2 E,경북 경주시 남남서쪽 9km 지역
755,2016/09/20 15:05:16,2.1,38.39 N,128.09 E,강원 양구군 북북동쪽 33km 지역(북한지역)
756,2016/09/20 20:03:27,2.1,35.77 N,129.19 E,경북 경주시 남남서쪽 8km 지역
757,2016/09/21 00:59:11,2.1,35.76 N,129.18 E,경북 경주시 남남서쪽 9km 지역
758,2016/09/21 03:36:51,2.9,35.77 N,129.18 E,경북 경주시 남남서쪽 8km 지역
759,2016/09/21 11:36:41,2.2,35.78 N,129.15 E,경북 경주시 남서쪽 9km 지역
760,2016/09/21 11:53:54,3.5,35.75 N,129.18 E,경북 경주시 남남서쪽 10km 지역
761,2016/09/22 00:01:30,2.3,35.76 N,129.18 E,경북 경주시 남남서쪽 9km 지역
762,2016/09/22 03:22:32,2.1,35.76 N,129.18 E,경북 경주시 남남서쪽 9km 지역
763,2016/09/23 18:21:42,2.1,35.76 N,129.18 E,경북 경주시 남남서쪽 9km 지역
764,2016/09/24 19:56:21,2.5,35.79 N,129.19 E,경북 경주시 남남서쪽 6km 지역
765,2016/09/28 16:34:30,3.1,35.76 N,129.18 E,경북 경주시 남남서쪽 9km 지역
766,2016/09/28 18:54:22,2.8,38.74 N,125.69 E,북한 황해북도 송림 동쪽 5km 지역
767,2016/09/28 19:00:02,2.9,38.74 N,125.69 E,북한 황해북도 송림 동쪽 5km 지역
768,2016/09/28 21:10:34,2.7,35.77 N,129.17 E,경북 경주시 남남서쪽 9km 지역
769,2016/09/30 11:09:47,2.1,35.76 N,129.18 E,경북 경주시 남남서쪽 9km 지역
770,2016/09/30 16:24:16,2.0,35.77 N,129.16 E,경북 경주시 남남서쪽 9km 지역
771,2016/09/30 18:06:36,2.3,35.76 N,129.16 E,경북 경주시 남남서쪽 10km 지역
772,2016/09/30 21:52:49,2.2,35.75 N,129.18 E,경북 경주시 남남서쪽 10km 지역
773,2016/10/01 13:04:16,2.0,35.76 N,129.18 E,경북 경주시 남남서쪽 9km 지역
774,2016/10/01 17:00:34,2.3,35.76 N,129.18 E,경북 경주시 남남서쪽 9km 지역
775,2016/10/02 20:53:07,3.0,35.75 N,129.19 E,경북 경주시 남남서쪽 10km 지역
776,2016/10/04 15:16:44,2.6,35.76 N,129.19 E,경북 경주시 남남서쪽 9km 지역
777,2016/10/05 21:16:37,2.4,33.81 N,127.28 E,전남 여수시 거문도 남쪽 24km 해역
778,2016/10/05 23:29:16,2.3,38.76 N,125.62 E,북한 황해북도 송림 북북서쪽 3km 지역
779,2016/10/07 17:17:58,2.2,35.77 N,129.23 E,경북 경주시 남쪽 8km 지역
780,2016/10/09 14:03:00,2.2,35.08 N,126.93 E,광주 동구 남쪽 7km 지역
781,2016/10/10 22:59:10,3.3,35.75 N,129.18 E,경북 경주시 남남서쪽 10km 지역
782,2016/10/12 00:29:36,2.9,35.76 N,129.18 E,경북 경주시 남남서쪽 9km 지역
783,2016/10/14 08:20:58,2.3,35.76 N,129.19 E,경북 경주시 남남서쪽 9km 지역
784,2016/10/15 18:55:18,2.5,35.74 N,129.18 E,경북 경주시 남남서쪽 11km 지역
785,2016/10/15 23:49:08,2.2,35.76 N,129.17 E,경북 경주시 남남서쪽 10km 지역
786,2016/10/20 12:17:07,2.4,35.76 N,129.19 E,경북 경주시 남남서쪽 9km 지역
787,2016/10/21 10:13:53,2.0,35.46 N,126.87 E,충남 청양군 동쪽 6km 지역
788,2016/10/21 12:47:49,2.6,35.75 N,129.17 E,경북 경주시 남남서쪽 11km 지역
789,2016/10/23 03:00:04,2.7,35.78 N,129.2 E,경북 경주시 남남서쪽 7km 지역
790,2016/10/24 09:02:01,2.3,37.25 N,127.02 E,경기 수원시 권선구 남쪽 2km 지역
791,2016/10/25 03:23:06,2.0,35.76 N,129.19 E,경북 경주시 남남서쪽 9km 지역
792,2016/10/25 19:57:37,2.4,35.7 N,129.37 E,경북 경주시 남동쪽 21km 지역
793,2016/11/02 03:01:43,2.4,33.52 N,126.88 E,제주 제주시 동쪽 32km 지역
794,2016/11/03 03:46:06,2.1,35.75 N,129.18 E,경북 경주시 남남서쪽 10km 지역
795,2016/11/03 10:02:26,2.3,35.76 N,129.19 E,경북 경주시 남남서쪽 9km 지역
796,2016/11/03 10:36:23,2.3,35.76 N,129.19 E,경북 경주시 남남서쪽 9km 지역
797,2016/11/03 23:35:52,2.6,35.32 N,128.49 E,경남 함안군 북동쪽 9km 지역
798,2016/11/06 06:26:22,3.5,33.76 N,125.07 E,전남 신안군 흑산면 남남서쪽 106km 해역
799,2016/11/09 20:55:44,2.3,36.55 N,129.6 E,경북 영덕군 북동쪽 26km 해역
800,2016/11/10 22:37:52,2.5,36.46 N,129.89 E,경북 영덕군 동쪽 47km 해역
801,2016/11/13 02:27:23,2.3,38.76 N,125.66 E,북한 황해북도 송림 북동쪽 3km 지역
802,2016/11/13 21:52:57,3.5,36.36 N,126.63 E,충남 보령시 북북동쪽 4km 지역
803,2016/11/15 12:22:58,2.5,38.37 N,128.1 E,북한 강원 금강군 남남동쪽 29km 지역
804,2016/11/15 16:27:40,2.0,35.76 N,129.19 E,경북 경주시 남남서쪽 9km 지역
805,2016/11/16 23:15:44,2.1,34.86 N,125.08 E,전남 신안군 흑산면 서북서쪽 43km 해역
806,2016/11/18 02:02:35,2.0,35.51 N,128.09 E,경남 합천군 남서쪽 9km 지역
807,2016/11/19 03:29:02,2.1,35.76 N,129.19 E,경북 경주시 남남서쪽 9km 지역
808,2016/11/25 18:53:58,2.3,35.75 N,129.17 E,경북 경주시 남남서쪽 11km 지역
809,2016/11/27 06:53:12,2.5,36.34 N,127.33 E,대전 유성구 남서쪽 3km 지역
810,2016/11/27 20:08:46,2.2,36.02 N,127.39 E,충남 금산군 남서쪽 13km 지역
811,2016/11/28 20:57:26,2.4,35.77 N,129.19 E,경북 경주시 남남서쪽 8km 지역
812,2016/11/28 23:33:02,2.2,38.49 N,126.14 E,북한 황해북도 평산 북서쪽 28km 지역
813,2016/11/29 10:09:22,2.9,33.4 N,125.72 E,제주 제주시 고산 서북서쪽 43km 해역
814,2016/12/02 04:45:42,2.1,35.76 N,129.19 E,경북 경주시 남남서쪽 9km 지역
815,2016/12/05 00:47:03,2.1,35.77 N,129.18 E,경북 경주시 남남서쪽 8km 지역
816,2016/12/05 07:42:21,2.1,35.81 N,129.72 E,경북 포항시 남구 남동쪽 39km 해역